"","Area","Year","Emissions.Energy (energy, manufacturing and construction industries and fugitive emissions)_7231","Emissions.Energy (energy, manufacturing and construction industries and fugitive emissions)_7194","Emissions.Energy (energy, manufacturing and construction industries and fugitive emissions)_7244","Emissions.Energy (energy, manufacturing and construction industries and fugitive emissions)_7243","Emissions.Energy (energy, manufacturing and construction industries and fugitive emissions)_7178","Emissions.Transport_7231","Emissions.Transport_7194","Emissions.Transport_7244","Emissions.Transport_7243","Emissions.Transport_7178","Emissions.Residential, commercial, institutional and AFF_7231","Emissions.Residential, commercial, institutional and AFF_7194","Emissions.Residential, commercial, institutional and AFF_7244","Emissions.Residential, commercial, institutional and AFF_7243","Emissions.Residential, commercial, institutional and AFF_7178","Emissions.Industrial processes and product use_7231","Emissions.Industrial processes and product use_7194","Emissions.Industrial processes and product use_7244","Emissions.Industrial processes and product use_7243","Emissions.Industrial processes and product use_7178","Emissions.Waste_7231","Emissions.Waste_7194","Emissions.Waste_7244","Emissions.Waste_7243","Emissions.Waste_7178","Emissions.Other sources_7231","Emissions.Other sources_7194","Emissions.Other sources_7244","Emissions.Other sources_7243","Emissions.Other sources_7178","Emissions.Agriculture total_7231","Emissions.Agriculture total_7194","Emissions.Agriculture total_7244","Emissions.Agriculture total_7243","Emissions.Agriculture total_7178","Emissions.Land use sources_7231","Emissions.Land use sources_7194","Emissions.Land use sources_7244","Emissions.Land use sources_7243","Emissions.Land use sources_7178","Emissions.Forest_7231","Emissions.Forest_7194","Emissions.Forest_7244","Emissions.Forest_7243","Emissions.Forest_7178","Emissions.Energy total_7231","Emissions.Energy total_7194","Emissions.Energy total_7244","Emissions.Energy total_7243","Emissions.Energy total_7178","Emissions.Land Use total_7231","Emissions.Land Use total_7194","Emissions.Land Use total_7244","Emissions.Land Use total_7243","Emissions.Land Use total_7178","CO2_7194","CH4_7244","N2O_7243","F_7178"
"1","Africa","Y1990",602075.7848,460225.5373,138650.7966,3199.4509,0,107165.3273,107023.9369,6.6945,134.6958,0,102367.4093,62695.3668,32259.3463,7412.6962,0,54363.7531,39595.4229,88.9109,8958.1628,5721.2566,77038.2295,0,69795.4247,7242.8048,0,34644.0549,0,NA,34644.0549,0,569252.9048,0,293975.591,275277.3138,0,1877154.567,1662078.451,176316.6777,38759.4387,0,-33893.0271,-33893.0271,0,0,0,811608.5214,629944.8411,170916.8374,10746.8429,0,1843262,1628185,176317,38759,0,2297725.6878,711093.4417,375628.6179,5721.2566
"383","Africa","Y1991",610116.2944,462863.3817,144033.3672,3219.5455,0,110440.1644,110310.1595,6.6436,123.3612,0,106754.5746,65215.1945,33792.7702,7746.61,0,55673.5832,41314.1883,83.6597,8911.558,5364.1772,79536.7817,0,72108.8421,7427.9396,0,25348.7996,0,NA,25348.7996,0,571132.4325,0,294993.9127,276138.5198,0,1877166.96,1662090.844,176316.6777,38759.4387,0,-33905.4204,-33905.4204,0,0,0,827311.0333,638388.7358,177832.781,11089.5166,0,1843262,1628185,176317,38759,0,2307888.3476,721335.8732,367675.7724,5364.1772
"764","Africa","Y1992",634064.1931,481372.0038,149392.0225,3300.1668,0,116649.1743,116504.6535,6.6624,137.8584,0,110670.153,66965.4996,35604.53,8100.1234,0,58085.3669,41246.4075,79.3283,11590.1072,5169.524,82016.0752,0,74406.6013,7609.4739,0,41186.7691,0,NA,41186.7691,0,578389.2402,0,299747.2934,278641.9468,0,1877172.732,1662096.615,176316.6777,38759.4387,0,-33911.1918,-33911.1918,0,0,0,861383.5204,664842.1569,185003.215,11538.1486,0,1843262,1628185,176317,38759,0,2334273.9876,735553.1156,389325.8843,5169.524
"1145","Africa","Y1993",629766.2899,473999.2566,152423.1466,3343.8867,0,116310.3476,116157.7762,6.5605,146.011,0,118430.4532,72012.8276,37756.332,8661.2936,0,57605.7685,40958.5244,83.465,11657.6517,4906.1274,84801.4759,0,76957.4898,7843.9861,0,23963.4136,0,NA,23963.4136,0,578990.5336,0,299072.76,279917.7737,0,1875595.348,1660519.232,176316.6777,38759.4387,0,-32333.8082,-32333.8082,0,0,0,864507.0908,662169.8604,190186.0391,12151.1913,0,1843262,1628185,176317,38759,0,2331313.8086,742616.4316,374293.4551,4906.1274
"1526","Africa","Y1994",620363.8634,465786.6209,150210.6541,4366.5885,0,118201.438,118042.609,6.705,152.1241,0,121597.1465,72998.8213,39687.5209,8910.8043,0,57879.107,41082.95,96.9226,12128.6457,4570.5887,87579.1809,0,79526.737,8052.4439,0,27290.7326,0,NA,27290.7326,0,586133.4285,0,303847.2297,282286.1988,0,1875568.461,1660492.344,176316.6777,38759.4387,0,-32306.9206,-32306.9206,0,0,0,860162.448,656828.0512,189904.88,13429.5168,0,1843262,1628185,176317,38759,0,2326096.4246,749692.447,381946.9766,4570.5887
"1907","Africa","Y1995",658421.9613,492819.9597,161024.2795,4577.7221,0,123963.9806,123798.8598,7.1486,157.9722,0,124641.5762,74558.0603,40877.8116,9205.7043,0,58831.5362,42480.9793,103.4274,12120.6301,4126.4995,90083.3459,0,81748.9281,8334.4179,0,30081.2298,0,NA,30081.2298,0,595586.8687,0,309119.9432,286466.9255,0,1875532.081,1660455.965,176316.6777,38759.4387,0,-32270.5411,-32270.5411,0,0,0,907027.5181,691176.8798,201909.2397,13941.3986,0,1843262,1628185,176317,38759,0,2361843.283,769198.2161,389704.0406,4126.4995
"2288","Africa","Y1996",698274.4991,520751.9066,172698.8318,4823.7607,0,127982.4363,127815.6367,7.1213,159.6784,0,124817.2413,73908.4448,41578.5086,9330.2878,0,63285.0617,47817.7447,102.2995,10360.9225,5004.095,93229.9494,0,84637.208,8592.7414,0,26204.3079,0,NA,26204.3079,0,602720.8746,0,312104.5287,290616.3459,0,1935675.591,1698076.033,193957.6229,43641.9352,0,-32223.6068,-32223.6068,0,0,0,951074.1767,722475.988,214284.4618,14313.7269,0,1903452,1665852,193958,43642,0,2436146.159,805086.1208,393729.9798,5004.095
"2669","Africa","Y1997",709902.9477,533421.9415,171599.5183,4881.4879,0,131293.8883,131117.3778,7.2028,169.3077,0,126271.6335,74883.0442,41975.7879,9412.8014,0,65739.5927,50610.7256,110.1644,10068.2847,4950.4179,95882.5383,0,87075.6579,8806.8804,0,24829.404,0,NA,24829.404,0,610309.355,0,318267.7734,292041.5816,0,1907557.431,1665340.807,195479.1494,46737.4752,0,-32164.9216,-32164.9216,0,0,0,967468.4695,739422.3634,213582.509,14463.5971,0,1875393,1633176,195479,46737,0,2423208.9745,814515.2541,396947.2229,4950.4179
"3050","Africa","Y1998",721966.3491,545006.5353,171959.3165,5000.4973,0,138876.4878,138694.3697,7.2616,174.8566,0,125966.1899,74216.6961,42256.1479,9493.3459,0,65121.5186,50168.3669,120.0164,9856.834,4976.3014,99325.5621,0,90183.9936,9141.5685,0,24718.472,0,NA,24718.472,0,644803.2528,0,334422.9694,310380.2834,0,1989243.256,1705998.334,226107.5092,57137.4132,0,-32093.1353,-32093.1353,0,0,0,986809.0269,757917.6012,214222.7259,14668.6997,0,1957150,1673905,226108,57137,0,2481991.1667,865057.2146,425903.2709,4976.3014
"3431","Africa","Y1999",709221.45,530513.2003,173783.9876,4924.2621,0,145628.5898,145422.3309,7.3157,198.9432,0,128648.0481,76419.4219,42545.7138,9682.9124,0,66050.7317,52022.7758,126.0923,8521.9388,5379.9247,102428.3021,0,93053.9527,9374.3494,0,22818.5066,0,NA,22818.5066,0,645219.4355,0,337214.3686,308005.0669,0,1907479.561,1650507.462,204963.3361,52008.7626,0,-32006.7179,-32006.7179,0,0,0,983498.088,752354.9532,216337.0171,14806.1177,0,1875473,1618501,204963,52009,0,2422878.473,851694.7668,415534.742,5379.9247
"3812","Africa","Y2000",735815.5065,549756.2228,181084.918,4974.3657,0,149847.3629,149613.0213,10.0145,224.3271,0,129408.5489,76431.5,42942.4594,10034.5896,0,66753.6309,53462.7933,137.7274,7504.3946,5648.7156,105335.9561,0,95682.5623,9653.3938,0,24796.5808,0,NA,24796.5808,0,652455.64,0,340438.2726,312017.3674,0,1894723.455,1662189.967,188581.756,43951.7315,0,-31903.9283,-31903.9283,0,0,0,1015071.418,775800.7441,224037.3919,15233.2823,0,1862820,1630286,188582,43952,0,2459549.5761,848877.7102,413156.7505,5648.7156
"4193","Africa","Y2001",718754.5179,532609.6223,181110.6761,5034.2195,0,154089.3404,153864.2547,8.401,216.6847,0,138837.0435,85210.2,43453.4284,10173.4152,0,70032.9355,56464.2918,154.0259,7552.5547,5862.063,108647.4688,0,98788.4041,9859.0647,0,26043.329,0,NA,26043.329,0,661208.4599,0,345087.8391,316120.6208,0,1722674.808,1536320.159,153594.3476,32760.3012,0,-27395.3111,-27395.3111,0,0,0,1011680.902,771684.077,224572.5054,15424.3194,0,1695279,1508925,153594,32760,0,2337073.2167,822197.1222,407760.1898,5862.063
"4574","Africa","Y2002",725526.1395,543979.4999,176379.2059,5167.4336,0,159759.3902,159524.2265,7.5259,227.6378,0,143956.4359,89303,44323.6904,10329.7455,0,72980.9595,59262.8359,164.3673,7551.8816,6001.8748,111648.972,0,101570.9601,10078.0119,0,24058.0835,0,NA,24058.0835,0,671267.9606,0,350942.4412,320325.5194,0,1845989.694,1634929.708,175951.9285,35108.0577,0,-27767.6676,-27767.6676,0,0,0,1029241.966,792806.7264,220710.4223,15724.817,0,1818222,1607162,175952,35108,0,2459231.6027,849340.1193,412846.371,6001.8748
"4955","Africa","Y2003",779631.651,583278.4818,190911.0695,5442.0997,0,167627.9844,167388.7107,8.3501,230.9236,0,148195.4052,92709.3,45027.8674,10458.2378,0,74431.5161,60047.9821,175.146,7839.5056,6368.8824,114751.2023,0,104397.317,10353.8853,0,22836.0019,0,NA,22836.0019,0,699198.9774,0,363682.3127,335516.6647,0,1754766.044,1559349.815,161054.6158,34361.613,0,-28195.3391,-28195.3391,0,0,0,1095455.041,843376.4925,235947.287,16131.2611,0,1726571,1531154,161055,34362,0,2434578.9505,865256.6785,427038.9316,6368.8824
"5336","Africa","Y2004",807857.864,606566.1362,195659.5914,5632.1364,0,178273.5832,178047.2147,6.9567,219.4118,0,155453.3517,98738.97,45831.8958,10882.4859,0,79345.646,64124.2387,182.0857,8018.4467,7020.8748,117921.6494,0,107353.5768,10568.0726,0,23532.3426,0,NA,23532.3426,0,701492.1151,0,366186.4688,335305.6464,0,1819065.347,1606598.851,175405.5302,37060.9665,0,-28684.5256,-28684.5256,0,0,0,1141584.799,883352.3209,241498.4439,16734.0341,0,1790381,1577914,175406,37061,0,2525390.885,890626.1054,431219.5089,7020.8748
"5717","Africa","Y2005",831143.3654,620243.7786,205160.79,5738.7968,0,185570.3697,185352.0125,6.8938,211.4634,0,165446.7122,107128.3,46859.8638,11458.5483,0,82432.5233,66612.3929,174.1714,8005.5935,7640.3656,121009.9776,0,110224.9266,10785.051,0,25410.2671,0,NA,25410.2671,0,737645.7265,0,383654.9246,353990.8019,0,1889434.471,1655509.442,192801.8344,41123.1942,0,-29242.3183,-29242.3183,0,0,0,1182160.447,912724.0911,252027.5476,17408.8086,0,1860192,1626267,192802,41123,0,2605603.6077,938883.4046,456723.7162,7640.3656
"6098","Africa","Y2006",836912.6272,622925.9732,208244.0709,5742.5832,0,189546.4102,189331.4162,7.0394,207.9546,0,170699.8321,111235.94,47798.7495,11665.1426,0,86489.3416,71628.1998,186.7311,6558.708,8115.7027,124259.3658,0,113258.7194,11000.6464,0,40269.976,0,NA,40269.976,0,719287.3952,0,378070.6504,341216.7447,0,1820773.415,1614727.791,169192.6147,36853.0099,0,-146442.4418,-146442.4418,0,0,0,1197158.87,923493.3294,256049.8598,17615.6803,0,1674331,1468285,169193,36853,0,2463406.8784,916758.5754,453514.7654,8115.7027
"6479","Africa","Y2007",846738.2759,631022.6814,209796.0491,5919.5454,0,200228.2046,200003.375,7.2287,217.6009,0,173826.6674,113118.7,48725.1456,11982.8219,0,90046.164,73387.566,191.3296,7921.2102,8546.0582,124243.6653,0,113026.7446,11216.9207,0,67704.1135,0,NA,67704.1135,0,753236.2224,0,396887.2766,356348.9458,0,1819365.413,1617721.184,166121.9875,35522.2413,0,-147126.0355,-147126.0355,0,0,0,1220793.148,944144.7564,258528.4234,18119.9681,0,1672239,1470595,166122,35522,0,2488127.4709,934755.7617,496833.3997,8546.0582
"6860","Africa","Y2008",844238.8071,623545.5817,214645.9539,6047.2715,0,212540.8567,212311.4783,7.3733,222.005,0,182536.1504,120535.6,49753.9336,12246.6168,0,91220.644,74798.2584,195.8921,7305.6199,8920.8737,125844.5044,0,114411.6637,11432.8407,0,45430.9016,0,NA,45430.9016,0,778966.9768,0,409752.1555,369214.8213,0,1837949.804,1633062.962,169221.7204,35665.1218,0,-147842.7443,-147842.7443,0,0,0,1239315.814,956392.66,264407.2608,18515.8933,0,1690107,1485220,169222,35665,0,2516411.1361,957988.6925,487565.1986,8920.8737
"7241","Africa","Y2009",812286.0004,594970.5728,211320.3012,5995.1264,0,232356.9595,232125.5356,7.7761,223.6478,0,177123.3572,113433.6,51101.7793,12587.9779,0,92656.8943,75303.9314,203.1325,7873.9272,9275.9031,127664.7404,0,116015.9598,11648.7806,0,48816.1224,0,NA,48816.1224,0,766731.0874,0,405817.3819,360913.7055,0,1847019.84,1647173.372,166505.4751,33340.9929,0,-148596.1739,-148596.1739,0,0,0,1221766.317,940529.7084,262429.8567,18806.7521,0,1698424,1498577,166505,33341,0,2514410.8379,950971.8059,481400.2807,9275.9031
"7622","Africa","Y2010",838305.0765,614781.9539,217549.0715,5974.0511,0,213737.8157,213526.42,7.349,204.0467,0,168745.6101,104107.9,51799.2964,12838.4137,0,101301.8981,82162.3533,210.3723,9225.1918,9703.9807,129316.8647,0,117452.1535,11864.7113,0,48421.9111,0,NA,48421.9111,0,794508.7356,0,418846.197,375662.5386,0,1805395.727,1605886.304,163998.8695,35510.5539,0,-149390.541,-149390.541,0,0,0,1220788.502,932416.2739,269355.717,19016.5115,0,1656005,1456496,163999,35511,0,2471074.3902,969863.3092,499701.4182,9703.9807
"219","Asia","Y1990",4282278.769,3772171.617,491024.1237,19083.028,0,780493.3365,778261.1507,100.9507,2131.2351,0,1213064.76,992398.9053,178691.1421,41974.7126,0,604486.5313,516609.3899,816.6049,29288.1335,57772.4029,424559.1912,15413.5609,367505.9665,41639.6638,0,105124.2767,42600,2835,59689.2767,0,1715570.633,0,1064540.489,651030.1443,0,1969697.729,1894703.06,60846.139,14148.5299,0,-1136669.961,-1136669.961,0,0,0,6275836.865,5542831.673,669816.2165,63188.9757,0,833028,758033,60846,14149,0,6875487.7228,2166360.4159,858984.7239,57772.4029
"600","Asia","Y1991",4499563.732,3981100.933,498501.6538,19961.1455,0,824285.9318,821907.5111,110.3444,2268.0763,0,1222060.337,1001455.071,178039.9757,42565.2909,0,636830.8401,543150.6162,882.8389,30788.9057,62008.4792,435999.1685,15923.9875,377565.4197,42509.7612,0,138922.8089,42600,2835,93487.8089,0,1726848.418,0,1067579.3,659269.1181,0,1979118.906,1904124.237,60846.139,14148.5299,0,-1146091.138,-1146091.138,0,0,0,6545910.001,5804463.515,676651.9739,64794.5127,0,833028,758033,60846,14149,0,7164171.2178,2186360.6715,904998.6365,62008.4792
"981","Asia","Y1992",5102937.554,4489610.635,591035.2103,22291.7084,0,904034.6112,901253.9596,128.6857,2651.9659,0,1353717.639,1136754.385,172904.2609,44058.993,0,723372.2152,617639.2888,964.6289,35799.2713,68969.0262,460440.0965,16443.032,398550.1384,45446.9261,0,144286.7753,42600,2835,98851.7753,0,1822662.544,0,1115711.161,706951.3828,0,1990358.846,1915170.559,60953.0441,14235.2422,0,-1166501.719,-1166501.719,0,0,0,7360689.804,6527618.98,764068.1569,69002.6674,0,823857,748669,60953,14235,0,7952970.1404,2343082.1293,970287.265,68969.0262
"1362","Asia","Y1993",5350199.072,4719960.681,606947.0679,23291.324,0,963821.3167,960796.5281,141.9463,2882.8422,0,1354693.863,1138895.365,171713.6746,44084.8235,0,777096.3751,665346.7524,974.8892,35247.4124,75527.3211,472705.8932,16968.8683,409376.1223,46360.9027,0,116363.8506,42600,2835,70928.8506,0,1817597.57,0,1118854.378,698743.1913,0,2000423.043,1925234.757,60953.0441,14235.2422,0,-1176562.353,-1176562.353,0,0,0,7668714.252,6819652.573,778802.6889,70258.9897,0,823861,748672,60953,14235,0,8293240.5988,2371796.1224,935774.5889,75527.3211
"1743","Asia","Y1994",5661814.536,5012522.762,623492.1049,25799.6697,0,1006693.219,1003719.69,139.1355,2834.3936,0,1341642.791,1133200.995,164507.7323,43934.0642,0,819986.3257,708550.6952,1020.1969,35224.534,75190.8996,487149.7099,17499.8299,421396.1493,48253.7308,0,140531.9494,42600,2835,95096.9494,0,1847366.81,0,1130597.774,716769.0364,0,2010829.327,1935641.04,60953.0441,14235.2422,0,-1186965.101,-1186965.101,0,0,0,8010150.546,7149443.446,788138.9727,72568.1275,0,823864,748676,60953,14235,0,8666769.9111,2404941.137,982147.6203,75190.8996
"2124","Asia","Y1995",6014822.223,5329386.311,657237.3247,28198.5873,0,1063268.339,1059918.342,147.4976,3202.4994,0,1380997.196,1167595.831,168655.5815,44745.7833,0,927369.0022,795923.8133,1088.3533,40348.4514,90008.3841,502200.1678,18033.1935,434570.381,49596.5934,0,113579.5329,42600,2835,68144.5329,0,1904954.836,0,1147475.589,757479.2471,0,2021595.504,1946407.218,60953.0441,14235.2422,0,-1197727.77,-1197727.77,0,0,0,8459087.758,7556900.484,826040.4039,76146.87,0,823868,748679,60953,14235,0,9162136.9388,2472962.7712,1005950.937,90008.3841
"2505","Asia","Y1996",6328695.678,5618704.338,680390.2433,29601.0965,0,1089688.103,1086395.679,159.0591,3133.3643,0,1409399.802,1192130.388,170535.4702,46733.9434,0,869341.3261,738810.4706,1175.0007,42071.5335,87284.3214,517339.1396,18570.3916,447614.9261,51153.8219,0,112772.3774,42600,2835,67337.3774,0,1941463.312,0,1159298.002,782165.3104,0,1886243.123,1849750.587,28313.9624,8178.5734,0,-1208869.425,-1208869.425,0,0,0,8827783.582,7897230.405,851084.7726,79468.4043,0,677374,640881,28314,8179,0,9338092.4292,2490321.6638,1030375.0208,87284.3214
"2886","Asia","Y1997",6427588.948,5705197.817,692153.2183,30237.9124,0,1123650.634,1120052.339,167.7481,3430.5474,0,1363681.41,1153194.779,163065.7882,47420.8432,0,896248.68,760907.9509,1315.6442,44231.6562,89793.4286,532037.8631,19110.3146,460692.0813,52235.4673,0,250463.3744,42600,2835,205028.3744,0,1934868.226,0,1158496.532,776371.6938,0,2835236.377,2553267.995,235395.2736,46573.1085,0,-1220410.503,-1220410.503,0,0,0,8914920.993,7978444.935,855386.7547,81089.303,0,1614826,1332857,235395,46573,0,10133920.6925,2714121.2857,1205529.6032,89793.4286
"3267","Asia","Y1998",6536999.241,5815473.74,690514.4257,31011.0748,0,1136002.625,1131668.392,172.2791,4161.9537,0,1267764.707,1070324.978,150271.3113,47168.4183,0,880198.2448,744101.2158,1350.988,47074.2743,87671.7667,546987.7907,19641.168,474854.3182,52492.3046,0,129429.0994,42600,2835,83994.0994,0,1939285.68,0,1157917.674,781368.0058,0,2118253.524,2001895.714,90619.4454,25738.3647,0,-1232372.94,-1232372.94,0,0,0,8940766.573,8017467.11,840958.0161,82341.4468,0,885881,769523,90619,25738,0,9593332.2678,2568535.4417,1073008.4956,87671.7667
"3648","Asia","Y1999",6569620.728,5841886.234,695091.9975,32642.4972,0,1179270.352,1174790.806,177.4092,4302.1364,0,1317381.695,1120159.06,149101.1953,48121.4395,0,916780.6827,771462.8161,1374.3093,43825.9439,100117.6133,562472.547,20187.8574,488486.747,53797.9426,0,113636.2892,42600,2835,68201.2892,0,1973838.816,0,1175830.133,798008.6824,0,1966620.73,1912764.81,41806.1379,12049.7818,0,-1244780.307,-1244780.307,0,0,0,9066272.774,8136836.099,844370.602,85066.0731,0,721840,667985,41806,12050,0,9639071.2765,2554702.9292,1060949.713,100117.6133
"4029","Asia","Y2000",6764543.111,5999793.152,730361.4504,34388.5085,0,1207790.919,1202572.13,159.9527,5058.8358,0,1311491.12,1118385.7,145165.31,47940.1102,0,935808.7845,794744.3461,1526.5531,49723.7137,89814.1716,577593.4629,20740.5771,502293.8152,54559.0706,0,105708.9433,42600,2835,60273.9433,0,1955136.256,0,1171735.651,783400.6046,0,1900652.28,1872272.269,21185.2647,7194.7466,0,-1257657.972,-1257657.972,0,0,0,9283825.15,8320750.982,875686.7132,87387.4545,0,642994,614614,21185,7195,0,9793450.2022,2575262.9971,1042539.5333,89814.1716
"4410","Asia","Y2001",6860198.827,6075545.126,749321.355,35332.346,0,1233334.292,1227946.696,162.9572,5224.6391,0,1316544.373,1123784.3,144485.1734,48274.8993,0,988747.6377,842059.8286,1565.9794,50073.9279,95047.9019,594915.3969,21278.8037,518222.4122,55414.181,0,116037.5904,42600,2835,70602.5904,0,1962342.023,0,1171753.1,790588.9235,0,1135693.766,1119108.707,13254.2128,3330.8455,0,-341772.0968,-341772.0968,0,0,0,9410077.492,8427276.122,893969.4856,88831.8844,0,793922,777337,13254,3331,0,10110551.3645,2601600.19,1058842.3527,95047.9019
"4791","Asia","Y2002",7239795.503,6403280.13,798112.3941,38402.9787,0,1293979.615,1288099.512,175.8288,5704.2738,0,1353913.523,1162780,142451.4703,48682.0527,0,1044287.25,898128.7437,1626.6126,39440.7539,105091.1393,612432.604,21825.321,534610.1146,55997.1684,0,142230.0591,42600,2835,96795.0591,0,1952573.134,0,1169256.941,783316.1929,0,1486523.071,1380894.376,89239.752,16388.9427,0,-338986.8213,-338986.8213,0,0,0,9887688.641,8854159.642,940739.6933,92789.3052,0,1147536,1041908,89240,16389,0,10858621.2614,2738308.1134,1084727.4222,105091.1393
"5172","Asia","Y2003",7964430.445,7028097.713,894300.1693,42032.5632,0,1335476.675,1328929.601,188.2638,6358.8102,0,1390409.573,1197632.3,144232.3872,48544.8861,0,1142492.75,982020.0725,1740.4241,40881.028,117851.2249,628402.6296,22475.5731,548782.7594,57144.2971,0,117744.4814,42600,2835,72309.4814,0,1975592.502,0,1179451.268,796141.2337,0,1208709.493,1168582.603,32236.8039,7890.0862,0,-336189.1498,-336189.1498,0,0,0,10690316.69,9554659.614,1038720.82,96936.2595,0,872520,832393,32237,7890,0,11434148.7128,2803767.0757,1071302.3859,117851.2249
"5553","Asia","Y2004",8926563.828,7889835.816,988910.2629,47817.7496,0,1413228.061,1407623.895,179.6653,5424.5009,0,1445608.87,1248795.1,146394.0788,50419.6907,0,1233821.647,1062903.286,1887.5425,41238.2594,127792.559,644189.4554,23031.8959,563325.416,57832.1435,0,131303.2083,42600,2835,85868.2083,0,2033531.177,0,1205873.101,827658.0767,0,1402037.956,1300987.71,82077.9111,18972.3345,0,-333379.1489,-333379.1489,0,0,0,11785400.76,10546254.81,1135484.007,103661.9412,0,1068659,967609,82078,18972,0,12642398.554,2991482.9776,1135230.9636,127792.559
"5934","Asia","Y2005",9612352.77,8491708.507,1068931.757,51712.5064,0,1451878,1445814.199,188.8041,5874.9968,0,1487153.133,1286266.9,150120.6075,50765.6252,0,1324847.146,1145325.484,1972.197,41121.5462,136427.9185,656708.6695,23588.951,574591.3424,58528.3761,0,138361.637,42600,2835,92926.637,0,2081155.37,0,1235720.945,845434.4248,0,1255757.635,1200133.86,45352.7308,10271.044,0,-330556.8959,-330556.8959,0,0,0,12551383.9,11223789.61,1219241.168,108353.1284,0,925201,869577,45353,10271,0,13304881.0051,3079713.3838,1156635.1565,136427.9185
"6315","Asia","Y2006",10389501.69,9194784.188,1138403.531,56313.9749,0,1509577.973,1503208.48,197.2744,6172.219,0,1511868.895,1310090.8,150133.2657,51644.829,0,1448202.393,1254919.204,2063.0801,41192.3669,150027.7427,671677.8637,23930.912,588540.5914,59206.3602,0,177618.318,42600,2835,132183.318,0,2135713.276,0,1263658.259,872055.0169,0,1510733.715,1376178.177,112579.4791,21976.0593,0,-282919.1846,-282919.1846,0,0,0,13410948.56,12008083.47,1288734.071,114131.023,0,1227815,1093259,112579,21976,0,14422792.5764,3258410.4807,1240744.1442,150027.7427
"6696","Asia","Y2007",11047236.54,9799524.402,1187236.494,60475.6473,0,1586283.146,1579422.68,211.8335,6648.6329,0,1548521.93,1345334.4,151154.1133,52033.4169,0,1558781.412,1351779.404,2259.5377,40898.5226,163843.9475,687004.2005,24381.203,602721.0856,59901.9119,0,127362.8644,42600,2835,81927.8644,0,2174277.596,0,1284506.193,889771.4031,0,1080147.386,1039616.454,29659.0036,10871.9282,0,-278087.6438,-278087.6438,0,0,0,14182041.62,12724281.48,1338602.441,119157.6971,0,802060,761529,29659,10872,0,14904570.8992,3260583.2607,1202529.3273,163843.9475
"7077","Asia","Y2008",11930716.4,10588656.24,1276810.935,65249.2285,0,1459571.247,1454321.95,204.7814,5044.5159,0,1610927.472,1400033.2,160475.5277,50418.7442,0,1603881.853,1389784.887,2479.7566,35413.0439,176204.1659,699668.6964,24731.285,614339.7623,60597.6491,0,126477.3788,42600,2835,81042.3788,0,2203385.468,0,1302018.847,901366.621,0,1044654.853,1026037.505,13757.1348,4860.2132,0,-273150.3692,-273150.3692,0,0,0,15001215.12,13443011.39,1437491.244,120712.4885,0,771504,752887,13757,4860,0,15653014.6978,3372921.7448,1203992.3946,176204.1659
"7458","Asia","Y2009",12353418.71,10961619.24,1324017.388,67782.0849,0,1510866.026,1505391.15,216.5665,5258.3098,0,1614535.984,1401360.5,162292.63,50882.8541,0,1751315.986,1534762.925,2649.3855,32595.1872,181308.4889,714395.6327,25179.194,628010.9744,61205.4643,0,146390.2589,42600,2835,100955.2589,0,2235290.577,0,1309794.671,925495.9069,0,1341521.641,1243049.04,81364.1928,17108.4077,0,-268099.9109,-268099.9109,0,0,0,15478820.72,13868370.89,1486526.585,123923.2488,0,1073422,974949,81364,17108,0,16445862.1381,3511180.8082,1261283.4738,181308.4889
"7839","Asia","Y2010",13057101.53,11581811.21,1403488.227,71802.0954,0,1594642.038,1588758.351,230.194,5653.493,0,1668527.564,1451761.2,165186.1132,51580.2512,0,1911201.849,1681933.453,2819.0147,31880.7177,194568.6638,726914.3971,25526.163,639497.2369,61890.9972,0,141921.6547,42600,2835,96486.6547,0,2258576.814,0,1324998.24,933578.5739,0,1039307.322,1005426.734,24093.1245,9787.4632,0,-262927.5142,-262927.5142,0,0,0,16320271.13,14622330.76,1568904.534,129035.8396,0,776380,742499,24093,9787,0,17114889.5968,3563147.1503,1262660.2463,194568.6638
"111","Central America","Y1990",204842.6258,174996.9478,28264.9954,1580.6827,0,94888.1021,94732.0293,9.1869,146.8859,0,34993.1819,30453.0567,3299.8016,1240.3236,0,28655.475,23957.3727,29.6224,3708.7619,959.718,20713.4905,0,19063.7406,1649.7499,0,3704.3097,0,NA,3704.3097,0,107142.0368,0,62999.7798,44142.2569,0,136429.3146,132701.7097,2566.6478,1160.9571,0,-10008.8833,-10008.8833,0,0,0,334723.9098,300182.0338,31573.9838,2967.8922,0,126420,122693,2567,1161,0,446832.2329,116233.7745,57333.9277,959.718
"492","Central America","Y1991",199043.5961,178668.2086,18752.1763,1623.2111,0,101827.9814,101669.327,9.8694,148.7851,0,36171.5035,31551.8625,3332.0731,1287.568,0,29010.7651,24359.8431,28.4924,3644.6401,977.7896,21245.5902,0,19527.1276,1718.4626,0,4050.5127,0,NA,4050.5127,0,104041.5222,0,61468.6318,42572.8905,0,136474.1022,132746.4973,2566.6478,1160.9571,0,-10053.6709,-10053.6709,0,0,0,337043.081,311889.3981,22094.1188,3059.5642,0,126420,122693,2567,1161,0,458942.0676,105685.0184,56207.0272,977.7896
"873","Central America","Y1992",199254.0146,179294.9137,18359.3438,1599.7571,0,104730.2399,104569.5845,10.1661,150.4893,0,38576.1163,33854.2972,3404.0757,1317.7433,0,28804.0771,25070.1262,29.3334,2994.2201,710.3973,21669.6286,0,19901.0544,1768.5742,0,4017.0592,0,NA,4017.0592,0,103715.4874,0,60584.0598,43131.4276,0,136519.7585,132792.1536,2566.6478,1160.9571,0,-10099.3272,-10099.3272,0,0,0,342560.3707,317718.7954,21773.5856,3067.9897,0,126420,122693,2567,1161,0,465481.748,104854.681,56140.2279,710.3973
"1254","Central America","Y1993",192119.9684,171820.6881,18693.3115,1605.9688,0,109145.3923,108981.9113,10.4188,153.0622,0,39390.5121,34752.3763,3320.1422,1317.9937,0,29239.607,25068.482,29.0417,3221.5649,920.5184,22038.1072,0,20235.3098,1802.7975,0,4194.614,0,NA,4194.614,0,104672.0144,0,61344.4141,43327.6003,0,136566.3182,132838.7133,2566.6478,1160.9571,0,-10145.8869,-10145.8869,0,0,0,340655.8729,315554.9757,22023.8725,3077.0247,0,126420,122693,2567,1161,0,463316.2841,106199.2859,56784.5585,920.5184
"1635","Central America","Y1994",210136.5231,189233.5816,19228.4192,1674.5222,0,111690.8924,111518.6063,10.6374,161.6487,0,40060.5064,35491.2366,3327.253,1242.0168,0,31567.6423,26991.9907,27.0169,3718.1263,830.5084,22570.4532,0,20713.2053,1857.2479,0,4258.0181,0,NA,4258.0181,0,104404.7707,0,61428.3578,42976.413,0,136613.8181,132886.2132,2566.6478,1160.9571,0,-10193.3868,-10193.3868,0,0,0,361887.9219,336243.4245,22566.3096,3078.1878,0,126420,122693,2567,1161,0,485928.2416,107301.5374,57048.9501,830.5084
"2016","Central America","Y1995",214508.0368,185023.1507,27748.0022,1736.8839,0,109044.2676,108873.3484,9.9454,160.9738,0,40682.1445,36004.536,3353.9256,1323.6828,0,29380.2285,24403.8454,29.2637,4118.6353,828.4841,23030.0686,0,21158.6465,1871.422,0,4184.7566,0,NA,4184.7566,0,101589.6984,0,59504.4517,42085.2467,0,136662.2977,132934.6928,2566.6478,1160.9571,0,-10241.8664,-10241.8664,0,0,0,364234.4489,329901.0352,31111.8732,3221.5404,0,126420,122693,2567,1161,0,476997.7069,114370.8829,56642.5582,828.4841
"2397","Central America","Y1996",224844.3906,193314.6177,29719.8012,1809.9718,0,106338.8559,106166.6479,9.3645,162.8435,0,40356.0313,35612.5492,3412.7362,1330.746,0,30954.3535,24643.0797,37.1427,4671.0187,1603.1124,23719.726,0,21817.5627,1902.1633,0,4118.2023,0,NA,4118.2023,0,101371.8592,0,58439.3334,42932.5257,0,135952.1778,132993.6726,2063.5482,894.957,0,-10291.3679,-10291.3679,0,0,0,371539.2778,335093.8148,33141.9019,3303.5612,0,125661,122702,2064,895,0,482439.1992,115499.4889,57822.4283,1603.1124
"2778","Central America","Y1997",239689.2829,206913.7176,30814.0616,1961.5037,0,108939.2109,108765.0096,9.2263,164.975,0,41031.0583,36178.9902,3462.5927,1389.4753,0,30159.9253,24646.0501,31.7302,3786.3972,1695.7477,24180.1295,0,22228.0015,1952.128,0,4039.9204,0,NA,4039.9204,0,103641.2689,0,60065.9152,43575.3537,0,136144.8218,132865.3905,2282.7692,996.6621,0,-10341.9366,-10341.9366,0,0,0,389659.5521,351857.7174,34285.8806,3515.9541,0,125803,122523,2283,997,0,499027.2214,118894.2967,57866.4154,1695.7477
"3159","Central America","Y1998",262799.2928,230067.5592,30642.197,2089.5367,0,113582.9393,113395.7305,9.2265,177.9823,0,42294.4793,37382.5686,3486.4896,1425.4212,0,29784.4872,24948.4411,32.1074,3247.4308,1556.5079,24746.3388,0,22720.5105,2025.8282,0,7632.5349,0,NA,7632.5349,0,104806.6994,0,60250.5702,44556.1292,0,146581.913,133118.4204,9192.7422,4270.7503,0,-10393.6213,-10393.6213,0,0,0,418676.7115,380845.8582,34137.913,3692.9402,0,136188,122725,9193,4271,0,528519.0985,126333.8434,65425.6136,1556.5079
"3540","Central America","Y1999",256182.6424,224683.3113,29552.3414,1946.9897,0,114047.2124,113860.1725,9.0897,177.9502,0,38224.1606,33265.5647,3509.3796,1449.2163,0,29821.4409,25314.1706,32.2679,2468.3785,2006.6239,25418.2583,0,23337.3881,2080.8703,0,4254.4431,0,NA,4254.4431,0,103717.0393,0,59615.6646,44101.3747,0,139571.1111,133121.9377,4265.7119,2183.4614,0,-10446.4746,-10446.4746,0,0,0,408454.0154,371809.0485,33070.8107,3574.1561,0,129125,122675,4266,2183,0,519798.6822,120321.8432,58662.6842,2006.6239
"3921","Central America","Y2000",254608.0306,224214.4833,28733.1844,1660.3629,0,122926.1151,122669.5,11.534,245.0811,0,41052.1494,36006.6,3555.1856,1490.3638,0,29554.4401,25798.3423,32.3872,1499.8402,2223.8703,25833.272,0,23675.5147,2157.7573,0,5826.451,0,NA,5826.451,0,104797.6588,0,60080.5984,44717.0604,0,140647.8519,133137.9849,5013.1766,2496.6904,0,-10500.5534,-10500.5534,0,0,0,418586.2951,382890.5833,32299.9039,3395.8079,0,130147,122637,5013,2497,0,531326.3571,121101.5809,60093.6071,2223.8703
"4302","Central America","Y2001",259349.5297,223708.8234,33912.6324,1728.0739,0,125241.4599,125001.87,10.5052,229.0847,0,40681.093,35645,3559.0135,1477.0795,0,27938.8219,24495.2217,34.7003,1204.3532,2204.5468,26454.3658,0,24210.5453,2243.8205,0,4410.5812,0,NA,4410.5812,0,105851.4332,0,60656.1545,45195.2786,0,106575.273,105949.3276,446.318,179.6273,0,-7162.6791,-7162.6791,0,0,0,425272.0827,384355.6934,37482.1511,3434.2381,0,99413,98787,446,180,0,507637.5636,122829.8692,56667.8989,2204.5468
"4683","Central America","Y2002",266474.3779,229294.1225,35377.0615,1803.1938,0,127940.2541,127705.64,8.2767,226.3374,0,40778.2208,35728.1,3586.1669,1463.9539,0,28395.4752,25168.2491,35.3206,894.7005,2297.205,26986.6016,0,24703.1264,2283.4753,0,4520.7577,0,NA,4520.7577,0,103905.1584,0,62103.3794,41801.779,0,106517.3416,105681.9726,567.6313,267.7377,0,-7140.4118,-7140.4118,0,0,0,435192.8527,392727.8625,38971.5051,3493.4851,0,99377,98542,568,268,0,516437.6724,126380.9628,53261.9353,2297.205
"5064","Central America","Y2003",264693.6948,228981.8317,33807.2169,1904.6461,0,135872.4808,135629.96,8.9487,233.5722,0,40570.5517,35408.6,3634.7849,1527.1668,0,29336.2673,25846.4054,37.314,1343.986,2108.5618,27528.5724,0,25234.9574,2293.6149,0,5452.6146,0,NA,5452.6146,0,105746.724,0,62620.239,43126.485,0,115558.0232,106625.6425,6272.612,2659.7687,0,-7117.5668,-7117.5668,0,0,0,441136.7273,400020.3917,37450.9505,3665.3851,0,108440,99508,6273,2660,0,525374.8728,131616.0729,58541.8543,2108.5618
"5445","Central America","Y2004",268564.1359,232074.7018,34462.9893,2026.4449,0,141616.0727,141361.07,8.3606,246.6421,0,41367.4901,36152.7,3665.0452,1549.745,0,30776.7322,27054.6628,59.6748,1367.2979,2295.0967,27906.4807,0,25579.2701,2327.2106,0,4299.0336,0,NA,4299.0336,0,105502.9779,0,62215.7853,43287.1926,0,106146.4186,105769.7959,269.5022,107.1205,0,-7094.1143,-7094.1143,0,0,0,451547.6988,409588.4718,38136.3951,3822.8319,0,99052,98676,270,107,0,535318.8162,126260.6275,55210.6872,2295.0967
"5826","Central America","Y2005",286126.3019,247957.252,35962.3467,2206.7033,0,148556.9923,148295.65,8.717,252.6253,0,40417.2967,35045,3758.8608,1613.436,0,32005.1541,28021.7612,81.4513,1363.8838,2538.0579,28208.783,0,25848.4481,2360.3349,0,4767.2641,0,NA,4767.2641,0,108699.445,0,62721.5126,45977.9324,0,113336.0788,106516.38,4793.8385,2025.8602,0,-7070.0221,-7070.0221,0,0,0,475100.591,431297.902,39729.9245,4072.7645,0,106266,99446,4794,2026,0,558766.0211,133175.175,60568.04,2538.0579
"6207","Central America","Y2006",293882.0308,254842.4421,36698.8459,2340.7427,0,158070.618,157792.93,9.1634,268.5247,0,41837.4821,36319,3821.84,1696.6422,0,33800.753,29852.9395,102.3302,1061.6351,2783.8482,28637.4326,0,26243.7368,2393.6958,0,4294.1787,0,NA,4294.1787,0,108075.4071,0,62974.1434,45101.2637,0,107839.4614,105892.4588,1342.7112,604.2914,0,-15189.9871,-15189.9871,0,0,0,493790.1309,448954.3721,40529.8493,4305.9095,0,92649,90702,1343,604,0,569509.7833,131192.7709,57760.9743,2783.8482
"6588","Central America","Y2007",305667.6856,265173.1223,37987.0274,2507.5359,0,167320.8489,167056.06,9.1478,255.6411,0,40653.6686,35034.7,3894.7453,1724.2234,0,35412.2296,31003.2658,123.791,1219.1321,3066.0406,28567.6086,0,26140.6702,2426.9384,0,4503.2877,0,NA,4503.2877,0,109845.3699,0,63811.4685,46033.9014,0,109531.1046,106491.0145,2149.8215,890.2685,0,-15140.1388,-15140.1388,0,0,0,513642.2032,467263.8823,41890.9205,4487.4004,0,94391,91351,2150,890,0,589618.0238,134116.6717,59560.9285,3066.0406
"6969","Central America","Y2008",298416.993,257349.3625,38569.5626,2498.068,0,168697.9423,168444.24,9.2871,244.4152,0,40708.0418,34971.2,3967.8463,1768.9955,0,38704.7048,33860.0153,145.2676,1349.0065,3350.4155,28720.1734,0,26259.9336,2460.2397,0,4609.2776,0,NA,4609.2776,0,109720.663,0,64858.761,44861.902,0,108449.3946,106228.8872,1554.6615,665.8459,0,-15089.2483,-15089.2483,0,0,0,507822.9771,460764.8025,42546.696,4511.4787,0,93360,91140,1555,666,0,585764.4567,135365.3197,58457.7504,3350.4155
"7350","Central America","Y2009",302664.7177,261938.6626,38244.0421,2482.0129,0,165641.0951,165400.13,7.9182,233.0469,0,39427.541,33867.8,3838.6587,1721.0824,0,49097.6358,29810.3706,166.5397,1263.2304,17857.4951,28201.4424,0,25707.902,2493.5404,0,4482.7571,0,NA,4482.7571,0,112026.8229,0,65961.2554,46065.5676,0,108792.558,105748.3288,2142.0098,902.2194,0,-15037.2836,-15037.2836,0,0,0,507733.3537,461206.5926,42090.619,4436.1422,0,93755,90711,2142,902,0,581728.0084,136068.3259,59643.4571,17857.4951
"7731","Central America","Y2010",316841.9468,274899.6628,39394.4847,2547.7993,0,170423.1477,170173.88,8.4474,240.8203,0,41071.8224,34997.3,4252.6436,1821.8788,0,62638.441,29245.1589,187.8119,841.7337,32363.7365,27635.3183,0,25108.4744,2526.8439,0,4502.5742,0,NA,4502.5742,0,113127.2535,0,66475.7848,46651.4688,0,106125.2674,105417.5443,494.1048,213.6182,0,-14984.2114,-14984.2114,0,0,0,528336.917,480070.8428,43655.5758,4610.4984,0,91141,90433,494,214,0,599749.3346,135921.7516,59346.7372,32363.7365
"274","Europe","Y1990",5952077.876,5153159.731,768809.2946,30108.8505,0,1220885.347,1216788.227,261.6954,3835.4254,0,1614030.615,1546058.599,48425.0399,19546.9764,0,729423.3098,505136.0306,1280.7815,140260.0006,82746.4971,320626.8915,5444.8814,294718.9099,20463.1002,0,46258.7871,0,NA,46258.7871,0,988718.1456,0,537190.4494,451527.6962,0,315679.6469,281991.6693,23944.8299,9743.1477,0,-461190.6788,-461190.6788,0,0,0,8786993.839,7916006.556,817496.0299,53491.2522,0,-145511,-179199,23945,9743,0,8247388.4595,1674631.0006,721743.9841,82746.4971
"655","Europe","Y1991",5703143.428,4920421.692,752936.7411,29784.9947,0,1234760.79,1230727.157,255.4298,3778.2027,0,1583877.796,1519475.872,45179.9997,19221.9245,0,694034.1919,464927.3958,1186.4757,135954.6639,91965.6565,317421.5893,5470.6576,291699.1239,20251.8078,0,41210.6891,0,NA,41210.6891,0,949804.6397,0,522495.4138,427309.2259,0,315994.5136,282306.536,23944.8299,9743.1477,0,-461500.1936,-461500.1936,0,0,0,8521782.013,7670624.721,798372.1706,52785.1219,0,-145506,-179194,23945,9743,0,7961829.1168,1637698.0139,687254.6563,91965.6565
"1036","Europe","Y1992",4997698.948,4317841.048,653121.9721,26735.9275,0,1174572.394,1171002.085,234.5743,3335.7345,0,1233229.492,1177818.742,39358.4545,16052.2953,0,629567.4516,412970.4021,1095.8962,133717.8105,81783.3429,301832.9388,5495.8539,277325.6542,19011.4308,0,38448.5615,0,NA,38448.5615,0,810158.3899,0,447532.0843,362626.3057,0,322626.1463,289131.7861,23837.9248,9656.4354,0,-458988.0967,-458988.0967,0,0,0,7405500.834,6666661.876,692715.0009,46123.9573,0,-136362,-169856,23838,9656,0,6915271.8204,1442506.5604,609584.5012,81783.3429
"1417","Europe","Y1993",4750891.375,4109791.31,615387.8963,25712.169,0,1126560.341,1123189.219,210.4477,3160.6743,0,1268727.564,1209696.104,43823.3244,15208.1356,0,573220.8187,365326.3503,971.1824,121408.5481,85514.7379,298731.854,5520.9135,274183.9775,19026.963,0,39316.4071,0,NA,39316.4071,0,776845.8987,0,428391.4628,348454.4359,0,322908.7535,289414.3933,23837.9248,9656.4354,0,-459244.296,-459244.296,0,0,0,7146179.28,6442676.633,659421.6684,44080.9789,0,-136336,-169830,23838,9656,0,6643693.9941,1386806.2159,581943.7684,85514.7379
"1798","Europe","Y1994",4497369.212,3883949.37,588064.4168,25355.425,0,1096668.351,1093763.006,200.5741,2704.771,0,1158127.652,1106572.517,37227.8557,14327.279,0,568647.2044,352462.5606,984.6876,128487.4652,86712.4909,296613.118,5545.1065,271929.4081,19138.6035,0,35930.3905,0,NA,35930.3905,0,750489.2509,0,414909.9731,335579.2777,0,323201.5138,289707.1536,23837.9248,9656.4354,0,-459531.8692,-459531.8692,0,0,0,6752165.215,6084284.893,625492.8466,42387.475,0,-136330,-169825,23838,9656,0,6272467.8445,1337154.8402,571179.6473,86712.4909
"2179","Europe","Y1995",4544813.114,3938932.717,579837.1158,26043.2806,0,1087238.669,1084393.757,188.1449,2656.7671,0,1155162.061,1105192.259,35263.7847,14706.017,0,580316.5631,355470.0673,929.6849,135489.2603,88427.5506,295418.0976,5568.972,270554.5942,19294.5314,0,33141.3757,0,NA,33141.3757,0,721896.2511,0,395976.9344,325919.3168,0,323494.054,289999.6937,23837.9248,9656.4354,0,-459819.2271,-459819.2271,0,0,0,6787213.844,6128518.734,615289.0454,43406.0647,0,-136325,-169820,23838,9656,0,6319738.2389,1306588.1837,566906.9843,88427.5506
"2560","Europe","Y1996",4479406.113,3874447.453,579438.9597,25519.7002,0,1103540.045,1100698.306,176.31,2665.429,0,1202746.708,1153715.159,35444.7905,13586.7582,0,575549.5817,340202.2322,865.0232,139940.4348,94541.8915,293926.8735,5592.4386,268819.6448,19514.79,0,40289.6797,0,NA,40289.6797,0,708567.7309,0,383160.8575,325406.8734,0,340695.8225,301510.1413,28039.4604,11146.2208,0,-460106.3711,-460106.3711,0,0,0,6785692.866,6128860.918,615060.0603,41771.8874,0,-119411,-158596,28039,11146,0,6316059.359,1295945.0461,578069.8861,94541.8915
"2941","Europe","Y1997",4310992.621,3721025.921,564805.7319,25160.9679,0,1108628.569,1105823.568,167.5956,2637.4048,0,1131625.657,1083694.068,34235.2927,13696.2966,0,584209.8999,343638.8204,934.6256,140719.7777,98916.6762,287614.0233,5615.0884,262364.2785,19634.6565,0,32692.7442,0,NA,32692.7442,0,687522.3168,0,367538.9161,319983.4007,0,274192.4812,259131.7732,10694.6053,4366.1026,0,-460393.3028,-460393.3028,0,0,0,6551246.847,5910543.557,599208.6202,41494.6693,0,-186201,-201262,10695,4366,0,6058535.9362,1240741.0457,558891.351,98916.6762
"3322","Europe","Y1998",4280167.117,3703486.486,550736.7544,25943.876,0,1165983.345,1163186.76,161.0308,2635.5543,0,1076562.219,1031713.82,31837.1445,13011.255,0,559440.2637,339244.3972,910.8387,112756.0074,106529.0205,283330.6102,5636.8965,257603.1575,20090.5562,0,49131.0899,0,NA,49131.0899,0,664884.7923,0,353004.2881,311880.5042,0,347069.208,310436.4058,27428.8299,9203.9722,0,-460680.0237,-460680.0237,0,0,0,6522712.68,5898387.065,582734.9297,41590.6853,0,-113611,-150244,27429,9204,0,6093024.7418,1221682.0439,544652.8152,106529.0205
"3703","Europe","Y1999",4210597.364,3635676.408,548303.8749,26617.0812,0,1182155.446,1179312.61,149.9442,2692.8922,0,1081194.512,1035328.21,32961.1824,12905.1198,0,549213.3865,345954.271,919.275,91577.8503,110761.9902,278099.3275,5657.7087,252242.9109,20198.7079,0,34999.7869,0,NA,34999.7869,0,648342.9091,0,342170.2493,306172.6599,0,294454.4709,273569.3464,15220.4938,5664.6306,0,-460966.5353,-460966.5353,0,0,0,6473947.322,5850317.228,581415.0015,42215.0933,0,-166512,-187397,15220,5665,0,6014532.0188,1191967.9305,500828.7288,110761.9902
"4084","Europe","Y2000",4333252.727,3741183.116,563583.3127,28486.2978,0,1173981.399,1170991.35,104.1643,2885.8849,0,1058468.554,1012560.7,33040.6968,12867.157,0,566944.2079,363430.8739,989.6128,98477.0217,104046.6994,276826.5982,5753.7184,250702.2524,20370.6274,0,35200.7249,0,NA,35200.7249,0,633458.1039,0,334188.0619,299270.042,0,303228.5663,279313.2914,17410.6379,6504.637,0,-461224.1199,-461224.1199,0,0,0,6565702.68,5924735.166,596728.1738,44239.3396,0,-157996,-181911,17411,6505,0,6112008.9298,1200018.7388,504062.3927,104046.6994
"4465","Europe","Y2001",4351640.476,3758673.994,563735.638,29230.8439,0,1193415.186,1190688.31,101.9163,2624.9597,0,1102493.562,1056430.7,33411.3367,12651.5253,0,565659.0209,360035.9753,988.687,94950.6538,109683.7049,272516.3519,5772.0574,245963.7183,20780.5762,0,33702.5653,0,NA,33702.5653,0,623377.9279,0,323903.5409,299474.387,0,368843.297,347205.1139,16271.1581,5367.025,0,-706597.7803,-706597.7803,0,0,0,6647549.224,6005793.004,597248.891,44507.3288,0,-337754,-359393,16271,5367,0,6012208.3703,1184375.9953,498782.5362,109683.7049
"4846","Europe","Y2002",4357901.952,3764150.526,564349.9881,29401.4383,0,1219044.656,1216018.56,111.1759,2914.9202,0,1043718.77,1002177.4,29669.6996,11871.6701,0,570769.2182,359588.7053,1004.2277,94186.1296,115990.1555,268766.6722,5790.3134,241727.8281,21248.5306,0,37727.633,0,NA,37727.633,0,615579.9662,0,320159.8058,295420.1604,0,404391.5995,355311.4007,32055.8789,17024.3199,0,-707580.1882,-707580.1882,0,0,0,6620665.378,5982346.486,594130.8635,44188.0285,0,-303189,-352269,32056,17024,0,5995456.7172,1189078.6041,509794.8021,115990.1555
"5227","Europe","Y2003",4497010.765,3888288.45,578394.2234,30328.0908,0,1237962.497,1235041.92,117.1235,2803.4531,0,1087481.177,1045155,30183.9438,12142.2333,0,596795.789,376360.3711,1051.0574,94418.4333,124965.9272,265290.1776,6002.7624,237826.4939,21460.9213,0,40419.3502,0,NA,40419.3502,0,614650.825,0,318396.6469,296254.1781,0,501520.9087,427459.1198,52586.6027,21475.1861,0,-708562.8463,-708562.8463,0,0,0,6822454.438,6168485.37,608695.2908,45273.7772,0,-207042,-281104,52587,21475,0,6269744.777,1218556.0916,519301.8462,124965.9272
"5608","Europe","Y2004",4476978.241,3868369.32,580033.6086,28575.3123,0,1255570.104,1252536.13,117.2615,2916.7119,0,1092417.799,1050131,30111.6519,12175.1471,0,621684.0331,388841.6271,1094.3358,95252.0781,136495.9922,262327.7952,6021.1261,234688.246,21618.4232,0,30364.7453,0,NA,30364.7453,0,602214.7818,0,308057.3895,294157.3923,0,324638.7291,316681.6431,5551.6568,2405.4292,0,-709545.8152,-709545.8152,0,0,0,6824966.144,6171036.45,610262.522,43667.1713,0,-384907,-392864,5552,2405,0,6173035.0311,1159654.1501,487465.2394,136495.9922
"5989","Europe","Y2005",4391247.29,3778740.763,584746.4917,27760.0344,0,1260647.2,1257600.69,120.2106,2926.2992,0,1072210.741,1032299.8,27759.9056,12151.0358,0,636588.5948,393847.2505,1096.9819,95036.1147,146608.2476,260546.8653,6039.735,232734.2511,21772.8793,0,30111.0457,0,NA,30111.0457,0,587910.1169,0,300908.6449,287001.472,0,351348.937,336225.9215,11264.3838,3858.6317,0,-710529.1536,-710529.1536,0,0,0,6724105.231,6068641.253,612626.6079,42837.3694,0,-359180,-374303,11264,3859,0,6094225.0064,1158630.8696,480617.5128,146608.2476
"6370","Europe","Y2006",4459900.507,3836619.387,594638.3963,28642.7237,0,1281211.395,1278035.7,124.4022,3051.2925,0,1066514.753,1026052,28770.7736,11691.9797,0,656981.187,408437.1681,1073.242,89023.5551,158447.2217,261336.0508,6153.5844,233205.7231,21976.7433,0,26892.8366,0,NA,26892.8366,0,580834.1267,0,296394.3445,284439.7822,0,303305.0613,277824.2272,17191.7806,8289.0534,0,-925896.408,-925896.408,0,0,0,6807626.655,6140707.087,623533.5721,43385.9959,0,-622591,-648072,17192,8289,0,5907225.6587,1171398.6623,474007.9665,158447.2217
"6751","Europe","Y2007",4528367.449,3894841.223,604401.2806,29124.946,0,1299807.71,1296651.68,121.836,3034.1944,0,992646.2698,952916,28020.433,11709.8367,0,675825.209,418053.2559,1080.8477,86807.3349,169883.7705,261406.4229,6240.7665,233001.2037,22164.4527,0,26698.1856,0,NA,26698.1856,0,585090.2062,0,295615.794,289474.4121,0,290425.5488,274344.8984,11632.1904,4448.46,0,-926459.1036,-926459.1036,0,0,0,6820821.429,6144408.903,632543.5496,43868.9772,0,-636034,-652114,11632,4448,0,5916588.7202,1173873.5854,473461.8224,169883.7705
"7132","Europe","Y2008",4407092.983,3766635.555,612145.9483,28311.4793,0,1308306.945,1305255.4,121.0161,2930.5285,0,1051883.698,1011136.7,28792.6602,11954.3381,0,659885.8027,401749.5933,1087.3623,78520.7457,178528.1014,261637.7799,6326.1517,232958.948,22352.6802,0,25974.021,0,NA,25974.021,0,586694.8671,0,294167.8188,292527.0483,0,496802.8261,411665.7321,62673.3505,22463.7436,0,-927020.3347,-927020.3347,0,0,0,6767283.626,6083027.655,641059.6246,43196.346,0,-430218,-515355,62673,22464,0,5975748.7974,1231947.1042,485034.5847,178528.1014
"7513","Europe","Y2009",4094282.863,3460276.312,606741.1675,27265.3833,0,1273302.92,1270415.99,112.8784,2774.0516,0,1002658.185,962767.1,28433.115,11457.97,0,621538.8074,370684.7996,1085.1829,66067.2303,183701.5945,264634.1858,6422.8382,235750.8752,22460.4724,0,24575.2422,0,NA,24575.2422,0,574807.0174,0,289875.2371,284931.7803,0,331194.7155,311947.9803,16850.2278,2396.5074,0,-927580.1336,-927580.1336,0,0,0,6370243.968,5693459.402,635287.1609,41497.4049,0,-596385,-615632,16850,2397,0,5454934.8865,1178848.6839,441928.6375,183701.5945
"7894","Europe","Y2010",4215319.909,3555509.629,631547.2454,28263.0349,0,1276000.112,1273058.08,112.1956,2829.8359,0,1024691.341,981956.6,30829.448,11905.2929,0,660031.8282,393839.0863,1094.4206,58676.4061,206421.9152,267537.5321,6539.3968,238296.9303,22701.2049,0,24397.358,0,NA,24397.358,0,572990.2642,0,287594.0338,285396.2304,0,308573.7181,285920.1494,16193.063,6460.5057,0,-928138.5317,-928138.5317,0,0,0,6516011.361,5810524.309,662488.8891,42998.1637,0,-619565,-642218,16193,6461,0,5568684.4098,1205667.3367,440629.8688,206421.9152
"56","Northern America","Y1990",3340081.299,3016209.238,275611.794,48260.2671,0,1562528.025,1555533.957,238.9695,6755.0986,0,710246.8983,694570.8281,9340.6606,6335.4096,0,331561.8777,182407.9536,738.2355,48611.1478,99804.5408,237738.5542,244.941,229327.2588,8166.3545,0,37131.4137,4730,315,32086.4137,0,383685.0741,0,185456.2292,198228.8449,0,361813.6953,323599.0787,30016.981,8197.6357,0,-597111.4922,-597111.4922,0,0,0,5612856.223,5266314.023,285191.424,61350.7753,0,-235298,-273512,30017,8198,0,5180184.5042,731045.1286,356641.1719,99804.5408
"437","Northern America","Y1991",3325309.975,3003257.748,271597.2228,50455.0042,0,1531236.674,1524328.412,219.4653,6688.7972,0,717388.1509,700379.2263,10512.8432,6496.0815,0,331944.7622,180083.3729,735.6875,48450.1533,102675.5485,233598.4882,243.4109,224939.0865,8415.9908,0,36269.228,4730,315,31224.228,0,383864.9525,0,185593.91,198271.0425,0,362333.3563,324118.7397,30016.981,8197.6357,0,-597631.1532,-597631.1532,0,0,0,5573934.8,5227965.386,282329.5313,63639.8828,0,-235298,-273512,30017,8198,0,5139509.7566,723930.1963,358198.9332,102675.5485
"818","Northern America","Y1992",3390768.946,3063414.102,273449.747,53905.0967,0,1566874.391,1559755.73,207.738,6910.9232,0,713646.6619,696371.3857,10391.2624,6884.0139,0,338525.9156,186129.7579,733.1598,49640.9775,102022.0204,229796.8134,241.7291,220893.3292,8661.7551,0,35839.4675,4730,315,30794.4675,0,392451.3502,0,189177.7005,203273.6497,0,362852.6447,324638.0281,30016.981,8197.6357,0,-598150.4416,-598150.4416,0,0,0,5671289.999,5319541.218,284048.7473,67700.0337,0,-235298,-273512,30017,8198,0,5237130.2912,725184.9179,368268.5193,102022.0204
"1199","Northern America","Y1993",3484411.31,3152386.981,275327.2444,56697.0853,0,1592628.313,1585447.864,190.9356,6989.5131,0,733104.0746,718520.8371,8232.146,6351.0916,0,341869.6824,187243.9849,782.284,51017.5632,102825.8503,224785.8809,239.8996,215708.521,8837.4603,0,36242.06,4730,315,31197.06,0,397042.1035,0,189572.8806,207469.2228,0,363371.5609,325156.9443,30016.981,8197.6357,0,-598669.3578,-598669.3578,0,0,0,5810143.698,5456355.682,283750.326,70037.69,0,-235298,-273512,30017,8198,0,5375057.1531,720145.9926,376756.632,102825.8503
"1580","Northern America","Y1994",3522028.985,3185422.092,277693.3463,58913.5472,0,1652166.491,1644738.019,177.4683,7251.0038,0,725238.7373,710802.8366,8110.1681,6325.7327,0,357745.3919,195203.6257,844.8567,53800.4038,107896.5056,219631.5033,237.9216,210137.2884,9256.2933,0,37876.0559,4730,315,32831.0559,0,401766.0478,0,193025.5774,208740.4704,0,363890.1053,325675.4886,30016.981,8197.6357,0,-599187.9022,-599187.9022,0,0,0,5899434.213,5540962.947,285980.9827,72490.2837,0,-235298,-273512,30017,8198,0,5467622.0813,720320.6862,385316.1428,107896.5056
"1961","Northern America","Y1995",3489933.584,3153564.604,277443.2742,58925.7054,0,1687081.04,1679468.878,162.4613,7449.701,0,730647.4094,715381.3222,8762.485,6503.6022,0,371154.1911,199443.581,868.013,54124.4762,116718.1209,209753.8483,235.7994,200231.6259,9286.423,0,37235.8633,4730,315,32190.8633,0,406260.0236,0,195582.325,210677.6986,0,364408.2783,326193.6616,30016.981,8197.6357,0,-599706.0752,-599706.0752,0,0,0,5907662.033,5548414.804,286368.2205,72879.0086,0,-235298,-273512,30017,8198,0,5479311.771,713382.1654,387356.1054,116718.1209
"2342","Northern America","Y1996",3604101.802,3262389.233,280551.5251,61161.0438,0,1730173.183,1722477.897,158.3475,7536.9384,0,774296.8411,758769.0161,8826.7183,6701.1067,0,387884.3501,202388.7845,858.3015,56228.4912,128408.773,201872.7517,233.527,192160.4533,9478.7714,0,35974.9995,4730,315,30929.9995,0,412662.6931,0,196051.1344,216611.5587,0,333824.541,304618.7248,22953.0089,6252.8073,0,-600223.8772,-600223.8772,0,0,0,6108571.826,5743636.146,289536.5909,75399.0888,0,-266399,-295605,22953,6253,0,5655383.3052,701874.489,394900.717,128408.773
"2723","Northern America","Y1997",3750353.757,3400229.755,286933.2826,63190.7194,0,1759781.765,1752070.296,153.9981,7557.4706,0,755550.2967,741619.3131,7448.2266,6482.757,0,395774.3087,206640.9109,872.9024,52110.8057,136149.6898,191342.57,231.1028,181364.6132,9746.854,0,36394.219,4730,315,31349.219,0,408209.1543,0,193433.5447,214775.6096,0,300980.32,282491.1344,14895.2263,3593.9593,0,-600741.3086,-600741.3086,0,0,0,6265685.819,5893919.365,294535.5073,77230.947,0,-299761,-318250,14895,3594,0,5787271.2036,685416.7939,388807.3946,136149.6898
"3104","Northern America","Y1998",3849103.975,3500037.154,284482.7005,64584.1206,0,1800967.853,1793139.077,151.2178,7677.558,0,691620.9366,677834.5854,7682.5447,6103.8065,0,401865.3161,208803.5344,840.0678,37931.8011,154289.9128,182221.5517,228.5361,171976.4603,10016.5554,0,38680.8675,4730,315,33635.8675,0,410091.4147,0,193692.1354,216399.2793,0,406858.7585,357845.3966,38828.5274,10184.8345,0,-601258.3697,-601258.3697,0,0,0,6341692.765,5971010.817,292316.463,78365.4851,0,-194400,-243413,38829,10185,0,5941359.9138,697968.6539,386533.8229,154289.9128
"3485","Northern America","Y1999",3824652.908,3481525.924,278153.3409,64973.6423,0,1850870.533,1842919.746,147.1047,7803.6823,0,711739.3278,698353.9004,7459.2542,5926.1733,0,419118.7624,212013.1839,848.8122,34961.1363,171295.63,176905.4768,225.8203,166305.3924,10374.2641,0,37686.8654,4730,315,32641.8654,0,407160.2903,0,193144.1662,214016.1241,0,363266.2065,328345.8875,28220.121,6700.198,0,-601775.0611,-601775.0611,0,0,0,6387262.768,6022799.571,285759.6998,78703.4979,0,-238509,-273429,28220,6700,0,5966339.401,674593.1916,377397.0858,171295.63
"3866","Northern America","Y2000",3937508.242,3582634.93,277359.2626,77514.0495,0,1879484.686,1872937.977,124.2028,6422.5064,0,751525.2781,737611,7654.881,6259.3971,0,414669.7675,207866.5831,811.247,37022.2474,168969.6901,170886.0291,222.8263,160092.3651,10570.8377,0,37075.067,4730,315,32030.067,0,398376.8305,0,189974.4163,208402.4142,0,309130.0395,288059.0039,16701.4799,4369.5557,0,-602291.3831,-602291.3831,0,0,0,6568518.206,6193183.907,285138.3464,90195.9529,0,-293161,-314232,16701,4370,0,6091770.9372,653032.8547,382591.075,168969.6901
"4247","Northern America","Y2001",3853027.713,3497569.09,280791.3415,74667.2817,0,1877379.994,1871038.547,120.2371,6221.2094,0,733092.6803,720115,6609.5483,6368.132,0,403397.3422,190798.2001,750.1137,32800.1809,179048.8476,165729.1906,219.8508,154829.2118,10680.128,0,35482.9795,4730,315,30437.9795,0,398550.1709,0,189674.6603,208875.5107,0,252118.5882,236889.6533,12704.454,2524.481,0,-403824.7021,-403824.7021,0,0,0,6463500.387,6088722.637,287521.1269,87256.623,0,-151706,-166935,12704,2524,0,6117535.6391,645794.5667,372574.9032,179048.8476
"4628","Northern America","Y2002",3859692.72,3509762.99,277312.0761,72617.6537,0,1933565.404,1927026.838,124.8799,6413.6859,0,735015.9671,723419,5746.5628,5850.4043,0,430790.3168,197084.6211,745.1165,34694.5871,198265.9921,167973.2021,216.8753,156896.9861,10859.3406,0,35012.048,4730,315,29967.048,0,399837.177,0,190558.3517,209278.8252,0,334436.7339,291302.8196,33256.9622,9876.9522,0,-403730.1203,-403730.1203,0,0,0,6528274.091,6160208.828,283183.5187,84881.7439,0,-69293,-112427,33257,9877,0,6249813.0237,664955.9353,379558.497,198265.9921
"5009","Northern America","Y2003",3881973.028,3539054.35,272501.6947,70416.9834,0,1955765.566,1949260.58,123.3782,6381.6079,0,759678.7413,747125,7060.6551,5493.0861,0,440890.0918,191507.6512,717.1823,34101.434,214563.8242,174118.363,213.8998,162793.4219,11111.0413,0,35160.8636,4730,315,30115.8636,0,404099.2301,0,188668.4822,215430.7479,0,345479.8456,301264.8721,34809.3609,9405.6127,0,-403635.1553,-403635.1553,0,0,0,6597417.336,6235439.93,279685.728,82291.6774,0,-58155,-102370,34809,9406,0,6329521.1978,666989.1753,382456.3769,214563.8242
"5390","Northern America","Y2004",3902793.093,3566833.83,267363.5053,68595.7579,0,1977368.498,1970540.019,126.9918,6701.4869,0,754678.3692,741131,7077.2534,6470.1158,0,467892.0596,204075.6692,731.7234,32546.3211,230538.3459,172445.6093,209.9275,160937.6457,11298.0361,0,34639.1995,4730,315,29594.1995,0,407309.2788,0,190185.668,217123.6109,0,359617.91,312626.3195,37430.3612,9561.2293,0,-403539.8077,-403539.8077,0,0,0,6634839.96,6278504.849,274567.7505,81767.3606,0,-43922,-90913,37430,9561,0,6396606.9575,664168.1488,381890.7575,230538.3459
"5771","Northern America","Y2005",3897183.427,3576410.2,254979.0237,65794.2033,0,1995748.823,1988393.165,136.7262,7218.9317,0,734674.7445,720918,7240.7069,6516.0376,0,484417.1362,200931.6882,682.4731,32989.4716,249813.5032,174605.8837,206.9563,162913.7802,11485.1472,0,33444.8202,4730,315,28399.8202,0,408013.9623,0,192125.8271,215888.1352,0,335856.9753,296116.7575,31874.0317,7866.1861,0,-403444.0782,-403444.0782,0,0,0,6627606.994,6285721.365,262356.4569,79529.1725,0,-67587,-107327,31874,7866,0,6384262.6888,650267.5689,376157.9329,249813.5032
"6152","Northern America","Y2006",3845109.032,3524197.33,256245.1244,64666.5777,0,1988802.65,1981029.394,138.8049,7634.4508,0,677711.7756,663722,7164.3878,6825.3878,0,505281.6108,203594.7073,665.5893,29899.0499,271122.2643,176636.561,199.9703,164764.0793,11672.5114,0,32116.678,4730,315,27071.678,0,407605.9332,0,191567.965,216037.9682,0,297251.2694,255793.4451,31558.9532,9898.871,0,-464393.5037,-464393.5037,0,0,0,6511623.458,6168948.724,263548.3171,79126.4163,0,-167142,-208600,31559,9899,0,6168873.343,652419.9039,373706.4948,271122.2643
"6533","Northern America","Y2007",3922937.767,3602647.59,256580.354,63709.8227,0,1989388.081,1981790.536,138.1647,7459.3804,0,709752.8496,695846.2,7363.5404,6543.1092,0,527820.2575,203901.7263,653.1006,32782.382,290483.0486,175760.3091,193.9855,163706.3894,11859.9342,0,32148.1505,4730,315,27103.1505,0,414095.1442,0,191104.6763,222990.4679,0,378715.6397,319347.3676,47496.2753,11871.9968,0,-464251.1491,-464251.1491,0,0,0,6622078.697,6280284.326,264082.059,77712.3123,0,-85536,-144904,47496,11872,0,6344206.2563,667357.5007,384320.2437,290483.0486
"6914","Northern America","Y2008",3845845.616,3528137.53,258606.9331,59101.1531,0,1877698.278,1871309.256,122.171,6266.8508,0,716250.8698,701947.1,7518.522,6785.2478,0,530845.3839,189504.7453,595.989,31153.5713,309591.0782,175700.9534,188.0007,163465.4345,12047.5183,0,29824.1338,4730,315,24779.1338,0,411006.7098,0,191702.8005,219303.9092,0,274741.6904,241466.9835,25714.2111,7560.4958,0,-464108.7497,-464108.7497,0,0,0,6439794.764,6101393.886,266247.6261,72153.2517,0,-189367,-222642,25714,7560,0,6073174.8658,648041.0612,366997.8801,309591.0782
"7295","Northern America","Y2009",3503319.831,3197915.54,249455.6256,55948.6652,0,1808715.589,1802613.936,125.1041,5976.5485,0,695910.0956,681944.4,7401.9403,6563.7553,0,526670.7644,163368.7643,567.1629,28949.9075,333784.9297,164786.6909,182.0158,152346.9866,12257.6885,0,29250.6107,4730,315,24205.6107,0,403687.274,0,188658.8349,215028.4391,0,260010.239,237864.2594,19260.8412,2885.1384,0,-463966.3055,-463966.3055,0,0,0,6007945.515,5682473.876,256982.67,68488.969,0,-203956,-226102,19261,2885,0,5624652.61,618131.4956,351815.7532,333784.9297
"7676","Northern America","Y2010",3675136.361,3369625.65,248208.3327,57302.3784,0,1824304.558,1818149.727,119.7399,6035.0909,0,687587.3349,673741.7,7329.4125,6516.2224,0,579941.7907,175982.7914,568.1192,31041.8517,372349.0284,163382.3023,176.0309,150709.4465,12496.8249,0,28998.0291,4730,315,23953.0291,0,406237.3258,0,189124.8436,217112.4822,0,315087.2293,268274.8444,35746.7935,11065.5914,0,-463823.8165,-463823.8165,0,0,0,6187028.254,5861517.077,255657.4851,69853.6917,0,-148737,-195549,35747,11066,0,5846856.9272,632121.6879,365523.471,372349.0284
"328","Oceania","Y1990",225231.0794,199161.5232,24621.0819,1448.4743,0,72644.3983,72451.8722,13.1315,179.3946,0,20854.0964,18701.3815,1301.1551,851.5598,0,19463.7087,12473.1457,36.4724,1154.1908,5799.8998,14971.5677,11.6655,14188.1916,771.7106,0,5189.533,189,12.6,4987.933,0,207110.9509,0,110739.0275,96371.9234,0,77806.5037,68358.1467,6952.9248,2495.4323,0,-40452.3029,-40452.3029,0,0,0,318729.5741,290314.7769,25935.3685,2479.4287,0,37354,27906,6953,2495,0,330894.4319,157864.5848,108260.6188,5799.8998
"709","Oceania","Y1991",230101.6469,202163.6095,26470.5156,1467.5217,0,71155.2276,70967.6496,12.7092,174.8688,0,21121.6506,18937.5742,1324.5665,859.5099,0,18934.4898,12349.1089,35.5325,1153.035,5396.8134,15363.4205,11.9259,14587.0231,764.4715,0,6346.6852,189,12.6,6145.0852,0,204755.9671,0,109469.1099,95286.8572,0,77887.5406,68439.1835,6952.9248,2495.4323,0,-40533.3398,-40533.3398,0,0,0,322378.5251,292068.8333,27807.7914,2501.9004,0,37354,27906,6953,2495,0,332524.7118,158864.9816,108346.7816,5396.8134
"1090","Oceania","Y1992",235451.8292,206089.3084,27887.39,1475.1308,0,73287.699,73099.0652,13.231,175.4028,0,21143.9284,18937.7575,1334.5257,871.6452,0,18392.2207,12256.0203,55.7163,1199.7303,4880.7538,15516.3843,12.1956,14736.7841,767.4046,0,5540.873,189,12.6,5339.273,0,201177.7627,0,107276.0461,93901.7166,0,77888.205,68439.8479,6952.9248,2495.4323,0,-40534.0042,-40534.0042,0,0,0,329883.4567,298126.1311,29235.1468,2522.1788,0,37354,27906,6953,2495,0,338489.1907,158269.218,106225.7356,4880.7538
"1471","Oceania","Y1993",236953.9133,207505.5369,27938.9524,1509.424,0,74644.1634,74454.9993,13.3731,175.7911,0,22013.3142,19602.7974,1491.1217,919.3951,0,18673.8763,12784.2899,55.7205,1371.1804,4462.6855,15938.3327,12.4759,15143.9899,781.8669,0,4668.0134,189,12.6,4466.4134,0,198865.9543,0,105689.8984,93176.0559,0,77888.8656,68440.5085,6952.9248,2495.4323,0,-40534.6648,-40534.6648,0,0,0,333611.3908,301563.3336,29443.4471,2604.6101,0,37354,27906,6953,2495,0,342454.9431,157298.5808,104895.5591,4462.6855
"1852","Oceania","Y1994",234723.6007,207317.8622,25894.302,1511.4365,0,76932.6746,76741.4686,13.7398,177.4663,0,21613.5606,19326.6197,1368.8362,918.1047,0,18757.3172,13495.1114,60.3963,1470.262,3731.5475,15869.6658,12.7344,15057.5878,799.3436,0,7098.9573,189,12.6,6897.3573,0,201390.5399,0,107961.9505,93428.5894,0,77889.5223,68441.1652,6952.9248,2495.4323,0,-40535.3215,-40535.3215,0,0,0,333269.8359,303385.9504,27276.8781,2607.0075,0,37354,27906,6953,2495,0,344988.64,157322.3374,107697.9921,3731.5475
"2233","Oceania","Y1995",240596.232,211207.0773,27843.4067,1545.748,0,80403.8986,80201.1745,13.6697,189.0543,0,22586.7253,20276.3234,1371.3924,939.0095,0,19422.203,13945.101,104.7411,1552.9238,3819.4371,16118.8085,12.9723,15281.734,824.1022,0,4631.0435,189,12.6,4429.4435,0,200083.3956,0,106503.5976,93579.7981,0,77890.1754,68441.8183,6952.9248,2495.4323,0,-40535.9745,-40535.9745,0,0,0,343586.8558,311684.5752,29228.4688,2673.8118,0,37354,27906,6953,2495,0,353737.4923,158084.0663,105555.5117,3819.4371
"2614","Oceania","Y1996",254721.9658,224890.3483,28087.7815,1743.8359,0,83226.8639,83004.6341,12.7729,209.457,0,22387.0006,20116.3686,1336.6873,933.9447,0,19874.234,14271.6505,118.9837,1678.5621,3805.0377,15225.1505,13.2355,14395.4952,816.4199,0,4661.6752,189,12.6,4460.0752,0,190525.5554,0,102064.1146,88461.4407,0,68429.1428,60621.1641,5468.3777,2339.601,0,-40536.6239,-40536.6239,0,0,0,360335.8303,328011.351,29437.2416,2887.2376,0,27893,20085,5468,2340,0,362569.7772,151496.8129,100643.3365,3805.0377
"2995","Oceania","Y1997",273922.9538,242736.117,29351.7931,1835.0437,0,84987.0551,84746.9138,11.835,228.3063,0,22924.473,20614.8365,1341.8618,967.7746,0,19823.237,14090.019,119.623,1715.7769,3897.8182,15340.2509,13.4718,14499.2181,827.5611,0,6857.5652,189,12.6,6655.9652,0,189253.0609,0,101979.7893,87273.2716,0,182271.7689,136733.519,35595.1897,9943.0603,0,-40537.2698,-40537.2698,0,0,0,381834.4819,348097.8674,30705.4899,3031.1246,0,141734,96196,35595,9943,0,458586.6073,182911.91,109446.7597,3897.8182
"3376","Oceania","Y1998",294802.0841,262235.0226,30618.8344,1948.227,0,85185.9237,84930.9306,10.8226,244.1705,0,23232.9329,20902.235,1330.2324,1000.4655,0,20893.9737,14530.1387,119.8548,1902.4637,4341.5165,14892.6804,13.7081,14054.9715,824.0008,0,4730.8047,189,12.6,4529.2047,0,194886.6412,0,103682.8187,91203.8224,0,71612.4691,62293.3013,6561.6384,2757.5294,0,-40537.9122,-40537.9122,0,0,0,403220.9407,368068.1882,31959.8895,3192.863,0,31075,21755,6562,2758,0,404556.4241,156391.7728,104409.884,4341.5165
"3757","Oceania","Y1999",300494.0043,267812.0725,30675.7892,2006.1426,0,86915.703,86636.6705,9.7794,269.2531,0,23561.4412,21223.5089,1323.1564,1014.7759,0,21452.2464,14649.9071,119.1613,2000.5475,4682.6306,15128.8104,13.9715,14266.9525,847.8865,0,5248.1886,189,12.6,5046.5886,0,225025.7904,0,115935.9584,109089.8321,0,73429.0238,62067.9435,8027.2433,3333.837,0,-40538.5512,-40538.5512,0,0,0,410971.1485,375672.2519,32008.7249,3290.1716,0,32890,21529,8027,3334,0,412054.5228,170370.6405,123608.8633,4682.6306
"4138","Oceania","Y2000",302954.9127,268335.06,32176.7881,2443.0646,0,89896.525,89601.573,6.6566,288.2954,0,22449.7269,20136.42,1369.637,943.6699,0,23710.9412,16572.0063,120.1587,2061.385,4957.3913,15230.7997,14.187,14357.4885,859.1242,0,6224.0988,189,12.6,6022.4988,0,240565.112,0,123245.9,117319.212,0,68145.6433,62389.3875,4179.5741,1576.6817,0,-40539.187,-40539.187,0,0,0,415301.1646,378073.053,33553.0816,3675.0299,0,27606,21850,4180,1577,0,416698.4468,175468.803,131513.9316,4957.3913
"4519","Oceania","Y2001",309651.8677,271886.52,35345.2476,2420.1001,0,89283.9254,88978.833,7.2633,297.8291,0,23112.7224,20775.93,1383.1163,953.6761,0,23691.9092,16505.2058,92.6474,1848.7312,5245.3248,15489.9491,14.497,14591.7308,883.7213,0,6938.4639,189,12.6,6736.8639,0,240849.5195,0,122975.9871,117873.5324,0,141686.9719,136193.9261,3816.32,1676.7258,0,-59326.8779,-59326.8779,0,0,0,422048.5155,381641.283,36735.6272,3671.6053,0,82360,76867,3816,1677,0,475217.034,178224.9125,132691.1799,5245.3248
"4900","Oceania","Y2002",318602.6061,279661.05,36435.4237,2506.1324,0,92208.2721,91951.1578,6.0573,251.057,0,24850.0582,22346.84,1428.3577,1074.8605,0,23313.6171,16106.3004,66.5532,1524.3946,5616.3689,15802.247,14.706,14890.9735,896.5675,0,6638.7858,189,12.6,6437.1858,0,232541.5614,0,120069.8118,112471.7497,0,159267.415,147966.3192,8234.8449,3066.2509,0,-59366.6692,-59366.6692,0,0,0,435660.9364,393959.0478,37869.8386,3832.05,0,99901,88600,8235,3066,0,498868.7042,181144.6221,128228.1984,5616.3689
"5281","Oceania","Y2003",321875.1804,282514.51,36838.4204,2522.25,0,94685.7625,94418.5217,6.0853,261.1555,0,25772.5284,23246.48,1371.1319,1154.9165,0,26163.2536,17822.7152,40.3606,2045.3091,6254.8688,15271.3869,14.921,14311.7043,944.7616,0,6469.0865,189,12.6,6267.4865,0,171592.7595,0,92359.764,79232.9955,0,156186.7677,142798.6243,8821.0879,4567.0555,0,-59406.5934,-59406.5934,0,0,0,442333.4713,400179.5117,38215.6377,3938.3219,0,96780,83392,8821,4567,0,501598.1788,153761.1544,96995.9302,6254.8688
"5662","Oceania","Y2004",340286.4595,300153.81,37471.0554,2661.594,0,94833.4992,94554.765,5.75,272.9842,0,26536.1989,24071.2,1250.6791,1214.3198,0,27066.1145,18027.0868,40.3582,2093.9943,6904.6752,15031.4614,15.238,14058.2962,957.9272,0,5315.3324,189,12.6,5113.7324,0,203746.5563,0,106559.6222,97186.9341,0,173090.9066,160648.7773,10181.1362,2260.9931,0,-59446.6511,-59446.6511,0,0,0,461656.1576,418779.775,38727.4846,4148.898,0,113644,101202,10181,2261,0,538213.226,169579.4973,111762.4791,6904.6752
"6043","Oceania","Y2005",360488.3346,319221.85,38497.3181,2769.1665,0,96509.2005,96178.148,6.4958,324.5567,0,27682.4725,25173.62,1189.9986,1318.8539,0,27717.4871,18065.7423,41.7213,2092.8269,7517.1966,15111.2967,15.458,14124.8546,970.9841,0,4265.457,189,12.6,4063.857,0,172221.7003,0,93440.435,78781.2653,0,138247.8546,135260.0614,2300.8,686.9932,0,-59486.8433,-59486.8433,0,0,0,484680.0076,440573.618,39693.8125,4412.577,0,78761,75773,2301,687,0,534617.0364,149614.2234,91008.5036,7517.1966
"6424","Oceania","Y2006",366426.824,325639.31,38102.9821,2684.5319,0,94581.0111,94277.831,6.3718,296.8083,0,27236.6105,24858.25,1099.4093,1278.9512,0,29360.6651,18923.7508,42.1129,2089.2413,8305.5601,15130.6579,15.666,14130.9035,984.0884,0,3592.2759,189,12.6,3390.6759,0,199773.4969,0,106014.1286,93759.3683,0,301359.8765,287489.3177,9301.0735,4569.4852,0,-246398.9474,-246398.9474,0,0,0,488244.4456,444775.391,39208.7632,4260.2914,0,54961,41090,9301,4569,0,504994.1781,168709.5817,109053.1505,8305.5601
"6805","Oceania","Y2007",367285.1698,325177.78,39496.944,2610.4458,0,96117.1023,95794.383,8.6544,314.0649,0,26815.7004,24589.2,1016.3773,1210.1232,0,30394.1008,19149.2682,42.9381,2234.5704,8967.324,15628.0139,15.98,14614.8654,997.1686,0,6353.399,189,12.6,6151.799,0,187766.1193,0,99985.356,87780.7633,0,286678.1391,280804.3871,4012.9696,1860.7824,0,-247944.1909,-247944.1909,0,0,0,490217.9725,445561.363,40521.9757,4134.6339,0,38734,32860,4013,1861,0,497775.8074,159190.7048,103159.7176,8967.324
"7186","Oceania","Y2008",380116.1158,337236.778,40242.0639,2637.2739,0,98509.5428,98170.696,8.8549,329.9919,0,27352.5636,25202.8,931.4433,1218.3203,0,31032.2878,19152.6288,43.6569,2241.2378,9594.7643,15983.745,16.194,14957.2883,1010.2628,0,3368.3943,189,12.6,3166.7943,0,162929.9405,0,88386.5424,74543.3981,0,291323.5803,286653.2667,3794.0939,876.2197,0,-249511.0047,-249511.0047,0,0,0,505978.2222,460610.274,41182.3621,4185.5861,0,41813,37142,3794,876,0,517110.3588,148376.5436,86023.4988,9594.7643
"7567","Oceania","Y2009",380640.0333,333819.324,44217.1851,2603.5242,0,96873.536,96539.312,8.7445,325.4795,0,27643.359,25494.8,921.7608,1226.7982,0,30443.4929,17947.9663,44.3208,2290.7078,10160.498,16056.6771,16.407,15033.9542,1006.3158,0,3745.7318,189,12.6,3544.1318,0,169963.8185,0,91570.7061,78393.1124,0,289487.8496,284638.2268,3496.8402,1352.7826,0,-251099.847,-251099.847,0,0,0,505156.9282,455853.436,45147.6904,4155.8018,0,38388,33538,3497,1353,0,507545.1891,155306.1117,90742.8523,10160.498
"7948","Oceania","Y2010",377720.5661,329405.071,45748.7904,2566.7047,0,97122.0404,96781.748,9.3733,330.9191,0,28223.4092,26058.9,916.4574,1248.0518,0,34054.9926,21038.826,44.9845,2340.1783,10631.0038,16390.0344,16.719,15377.6183,995.6971,0,2788.7171,189,12.6,2587.1171,0,149093.8495,0,81671.1387,67422.7108,0,294993.1143,290247.1075,3845.3377,900.669,0,-252711.1895,-252711.1895,0,0,0,503066.0157,452245.719,46674.6211,4145.6755,0,42282,37536,3845,901,0,511026.182,147626.3003,78392.0479,10631.0038
"165","South America","Y1990",352162.5457,270084.5366,78537.4503,3540.5589,0,183856.7631,183583.6198,17.2581,255.8853,0,82541.982,72752.5334,6565.7502,3223.6984,0,64327.8328,47322.3167,135.3063,4979.4743,11890.7354,70925.7172,143.8499,66957.4744,3824.3928,0,12704.6795,0,NA,12704.6795,0,577430.7043,0,384489.9093,192940.7951,0,1846355.34,1818187.229,20184.6806,7983.4299,0,-400354.212,-400354.212,0,0,0,618561.2909,526420.6898,85120.4586,7020.1426,0,1446001,1417833,20185,7983,0,1991719.8734,556887.8292,229452.9142,11890.7354
"546","South America","Y1991",354307.9501,273791.1679,76926.9502,3589.832,0,192031.671,191744.6284,19.0278,268.0149,0,82243.293,72368.6803,6525.2691,3349.3436,0,66903.4224,48600.6297,143.3208,6105.1639,12054.308,72823.7428,147.3544,68581.2896,4095.0988,0,12006.5344,0,NA,12006.5344,0,586890.3056,0,391038.1711,195852.1344,0,1848077.418,1819909.307,20184.6806,7983.4299,0,-402076.2901,-402076.2901,0,0,0,628582.9141,537904.4766,83471.2471,7207.1904,0,1446001,1417833,20185,7983,0,2004485.4776,563418.7092,233249.5519,12054.308
"927","South America","Y1992",361853.4106,281558.4274,76645.7866,3649.1967,0,196689.6506,196396.2897,19.6891,273.6718,0,85568.7722,75716.2873,6407.2706,3445.2143,0,64890.1952,47571.6453,145.4082,6300.7165,10872.4252,74902.669,149.77,70537.7411,4215.1579,0,12977.9583,0,NA,12977.9583,0,596956.0781,0,397833.8804,199122.1977,0,1849819.401,1821651.29,20184.6806,7983.4299,0,-403818.2731,-403818.2731,0,0,0,644111.8334,553671.0043,83072.7463,7368.0828,0,1446001,1417833,20185,7983,0,2019225.4366,571774.4566,237967.5431,10872.4252
"1308","South America","Y1993",372197.6546,287985.5005,80511.6395,3700.5146,0,208135.3828,207829.3006,20.5266,285.5556,0,89718.5617,79956.2867,6129.9591,3632.3159,0,67484.0751,50140.7138,149.2447,6732.8432,10461.2734,78107.7601,155.0962,73575.743,4376.9208,0,14209.3313,0,NA,14209.3313,0,600829.0809,0,399344.9921,201484.0888,0,1851581.674,1823413.564,20184.6806,7983.4299,0,-405580.5464,-405580.5464,0,0,0,670051.599,575771.0879,86662.1252,7618.386,0,1446001,1417833,20185,7983,0,2043899.9154,579916.7856,242405.0001,10461.2734
"1689","South America","Y1994",383988.37,295465.5319,84530.9236,3991.9145,0,216673.2876,216367.0594,21.7918,284.4364,0,94988.8882,84958.1412,6124.7897,3905.9573,0,67619.866,50610.3709,179.742,7040.455,9789.2981,80703.4599,161.1541,75963.7119,4578.5938,0,10011.3691,0,NA,10011.3691,0,614330.0102,0,407070.649,207259.3611,0,1853364.634,1825196.524,20184.6806,7983.4299,0,-407363.5064,-407363.5064,0,0,0,695650.5458,596790.7324,90677.5052,8182.3082,0,1446001,1417833,20185,7983,0,2065395.2751,594076.2886,245055.5171,9789.2981
"2070","South America","Y1995",403798.3061,312184.2326,87534.3711,4079.7024,0,235532.4629,235194.7956,24.2276,313.4397,0,96472.348,86433.0685,5994.9673,4044.3122,0,70736.7812,53642.8428,210.359,7469.2928,9414.2866,83113.6346,166.4877,78249.3435,4697.8034,0,11507.203,0,NA,11507.203,0,622039.7753,0,412421.784,209617.9913,0,1855168.688,1827000.578,20184.6806,7983.4299,0,-409167.5607,-409167.5607,0,0,0,735803.117,633812.0967,93553.566,8437.4542,0,1446001,1417833,20185,7983,0,2105454.4445,604619.7331,249713.1747,9414.2866
"2451","South America","Y1996",436625.5857,341707.0814,90690.8448,4227.6595,0,252627.6361,252250.5133,26.2429,350.8799,0,100832.2491,90705.937,5964.2365,4162.0756,0,71809.0228,56953.7045,212.8986,6578.8593,8063.5604,85005.7043,171.1408,79900.139,4934.4245,0,12402.1106,0,NA,12402.1106,0,609111.4717,0,402540.8553,206570.6165,0,1853884.439,1828516.764,18209.11,7158.5649,0,-410993.1288,-410993.1288,0,0,0,790085.4709,684663.5317,96681.3242,8740.615,0,1442891,1417524,18209,7159,0,2159312.0122,597544.3271,246385.1908,8063.5604
"2832","South America","Y1997",470013.5047,369441.8568,96078.5694,4493.0786,0,261210.4237,260820.3631,27.2605,362.8,0,98803.9541,89122.9537,5538.5352,4142.4652,0,74750.036,60094.7184,257.5163,6355.299,8042.5024,87629.7922,176.3401,82489.5321,4963.92,0,12734.2384,0,NA,12734.2384,0,615932.1534,0,405589.2248,210342.9286,0,1859684.775,1829979.884,21197.4467,8507.4441,0,-412840.6427,-412840.6427,0,0,0,830027.8825,719385.1736,101644.3651,8998.3438,0,1446844,1417139,21197,8507,0,2196795.4734,611178.085,251902.1739,8042.5024
"3213","South America","Y1998",494551.0939,390648.3505,99144.1806,4758.5628,0,273360.1287,272946.5174,27.5671,386.0441,0,96562.6214,87045.8042,5503.3183,4013.499,0,76748.3482,60923.4274,255.3898,7666.4024,7903.1286,88673.9875,179.6121,83443.0789,5051.2965,0,14622.1504,0,NA,14622.1504,0,624997.2281,0,409090.5003,215906.7278,0,1880677.572,1837738.109,30741.9022,12197.5607,0,-414710.5468,-414710.5468,0,0,0,864473.844,750640.6721,104675.066,9158.106,0,1465967,1423028,30742,12198,0,2234771.2738,628205.9372,264602.2437,7903.1286
"3594","South America","Y1999",485350.9688,385751.3879,94819.0385,4780.5425,0,267802.9117,267407.0519,26.1296,369.7302,0,102278.4591,92552.6572,5622.8988,4102.9031,0,75036.5072,60573.9408,284.4614,7795.5327,6382.5722,90956.5195,183.3865,85561.9278,5211.2053,0,14191.006,0,NA,14191.006,0,629334.9747,0,412789.3543,216545.6204,0,1874711.459,1833023.096,29505.0922,12183.2709,0,-416603.2992,-416603.2992,0,0,0,855432.3397,745711.097,100468.0669,9253.1758,0,1458108,1416420,29505,12183,0,2222888.2211,628608.9026,265179.8111,6382.5722
"3975","South America","Y2000",509370.9632,401874.6623,102856.5914,4639.7095,0,272151.1046,271740.7897,20.5237,389.7912,0,100168.9038,90635.67,5553.0028,3980.2309,0,79364.8172,63294.7808,306.6907,9442.3837,6320.962,93873.7291,189.3054,88371.8067,5312.617,0,10552.6323,0,NA,10552.6323,0,634476.2455,0,416057.7213,218418.5243,0,1846146.667,1833233.333,9384.0144,3529.319,0,-418519.3715,-418519.3715,0,0,0,881690.9715,764251.122,108430.1179,9009.7317,0,1427627,1414714,9384,3529,0,2242449.1697,622550.351,256265.2079,6320.962
"4356","South America","Y2001",507326.3392,400798.7061,101803.7206,4723.9125,0,272680.9985,272256.0141,21.1977,403.7867,0,100222.1692,90522.2,5628.2989,4071.6703,0,75436.2616,60027.4293,309.1928,9009.1864,6090.4531,95165.858,193.3131,89589.0717,5383.4732,0,12364.3835,0,NA,12364.3835,0,653264.6573,0,426095.5366,227169.1207,0,2039110.274,2029569.005,7194.1638,2347.1052,0,-343839.0839,-343839.0839,0,0,0,880229.5068,763576.9202,107453.2172,9199.3695,0,1695271,1685730,7194,2347,0,2509527.5837,630641.1821,265472.6385,6090.4531
"4737","South America","Y2002",501355.8648,393971.2216,102565.7803,4818.8629,0,267738.8095,267295.476,23.5419,419.7915,0,99039.1331,89059.62,5892.6901,4086.823,0,70660.9123,59080.0551,323.0593,4290.3573,6967.4406,97046.9217,198.3201,91411.9549,5436.6467,0,12701.5369,0,NA,12701.5369,0,675795.6331,0,441110.5294,234685.1038,0,2041797.492,2027706.365,10148.5091,3942.6187,0,-345646.5564,-345646.5564,0,0,0,868133.8074,750326.3176,108482.0123,9325.4774,0,1696151,1682060,10149,3943,0,2491664.5014,651476.065,270381.7408,6967.4406
"5118","South America","Y2003",503920.581,391166.1151,107706.0205,5048.4455,0,264531.1866,264126.671,21.9545,382.5612,0,97568.1192,87129.76,6153.1692,4285.1901,0,71831.3738,59153.7176,334.1061,4039.5037,8304.0464,98758.658,202.3284,92942.2273,5614.1023,0,13123.101,0,NA,13123.101,0,709082.8938,0,460075.3063,249007.5875,0,2064521.732,2042245.044,16518.5495,5758.1384,0,-347480.5568,-347480.5568,0,0,0,866019.8869,742422.5461,113881.1441,9716.1967,0,1717041,1694764,16519,5758,0,2496543.0793,683751.3334,287258.6297,8304.0464
"5499","South America","Y2004",546968.4216,424433.1529,117230.3373,5304.9314,0,283527.7921,283111.7567,22.9901,393.0453,0,101554.3831,90942.68,6126.5638,4485.1392,0,75191.0986,61202.6669,356.6483,4355.0743,9276.709,102665.3767,209.3402,96762.3747,5693.6619,0,17330.321,0,NA,17330.321,0,727677.9646,0,474061.0638,253616.9008,0,2073248.759,2038424.145,24910.6747,9913.9389,0,-349341.739,-349341.739,0,0,0,932050.5967,798487.5896,123379.8912,10183.1159,0,1723907,1689082,24911,9914,0,2548982.0027,719470.6527,301093.0128,9276.709
"5880","South America","Y2005",560640.5499,434701.3728,120446.7074,5492.4696,0,289733.4032,289306.143,24.0372,403.223,0,102735.5248,92019.51,6195.7138,4520.301,0,77555.7235,62375.9844,370.7126,4345.7535,10463.2731,101225.023,214.3468,95238.5494,5772.1268,0,17464.2281,0,NA,17464.2281,0,736297.288,0,481003.686,255293.602,0,2081100.297,2041792.17,28165.5626,11142.5644,0,-351230.7811,-351230.7811,0,0,0,953109.478,816027.0258,126666.4585,10415.9936,0,1729870,1690561,28166,11143,0,2569178.7459,731444.969,304434.2684,10463.2731
"6261","South America","Y2006",572076.3035,445317.6132,120913.4502,5845.2401,0,302105.5024,301665.747,25.2486,414.5068,0,104331.524,93709.82,6182.743,4438.961,0,82743.8269,66565.9827,393.1194,4508.0234,11276.7015,103916.846,218.3543,97848.3079,5850.1839,0,9396.5887,0,NA,9396.5887,0,733424.171,0,478081.9127,255342.2584,0,1629802.887,1607048.097,16681.3034,6073.4868,0,-506837.6833,-506837.6833,0,0,0,978513.3299,840693.1802,127121.4418,10698.7079,0,1122965,1100210,16681,6073,0,2007687.9309,720126.0852,291869.2491,11276.7015
"6642","South America","Y2007",594415.6416,465326.3534,122914.6802,6174.608,0,313767.8282,313316.7482,26.1553,424.9247,0,106466.2112,95783.24,6212.0082,4470.963,0,90231.4173,73109.8231,407.8178,4712.7152,12001.0612,102714.2067,223.3633,96562.2356,5928.6078,0,10002.8937,0,NA,10002.8937,0,747896.0447,0,477601.992,270294.0527,0,1653800.225,1602281.73,36449.93,15068.5649,0,-508669.6308,-508669.6308,0,0,0,1014649.681,874426.3416,129152.8436,11070.4957,0,1145131,1093612,36450,15069,0,2041371.6272,740174.8191,317077.33,12001.0612
"7023","South America","Y2008",613590.1759,480631.6837,126449.7903,6508.702,0,325208.5204,324740.8143,26.0918,441.6143,0,108892.5408,97855.3,6248.1724,4789.0685,0,93147.956,75715.2753,423.179,4442.3376,12567.1641,102131.0292,228.3724,95895.6346,6007.0222,0,10190.912,0,NA,10190.912,0,738074.5666,0,476570.4715,261504.0951,0,1629672.726,1606989.521,16163.9137,6519.2919,0,-510528.4079,-510528.4079,0,0,0,1047691.237,903227.798,132724.0544,11739.3848,0,1119144,1096461,16164,6519,0,2075632.5588,721777.2533,300403.0436,12567.1641
"7404","South America","Y2009",586223.5888,460340.7139,119573.8311,6309.0438,0,321635.8742,321184.0694,24.2669,427.538,0,108899.0299,97728.23,6366.9774,4803.8225,0,88982.8095,72651.6488,440.6677,3383.4587,12507.0344,102835.0533,232.3793,96517.3582,6085.3158,0,10648.5695,0,NA,10648.5695,0,739161.0082,0,477735.8691,261425.1391,0,1622262.095,1611117.432,8582.0661,2562.5967,0,-512414.7968,-512414.7968,0,0,0,1016758.493,879253.0133,125965.0753,11540.4042,0,1109847,1098703,8582,2563,0,2050839.6766,709241.0365,295645.4841,12507.0344
"7785","South America","Y2010",655808.6527,515178.4542,133651.3899,6978.8085,0,347661.5912,347180.3104,23.621,457.6599,0,112721.3565,101219.16,6518.2068,4983.9897,0,95986.8387,79193.1171,458.1564,3366.2899,12969.2752,103426.0833,237.3881,97025.0846,6163.6105,0,15237.9714,0,NA,15237.9714,0,759098.0756,0,480243.3835,278854.6921,0,1671124.267,1605401.21,46246.0454,19477.012,0,-514329.6167,-514329.6167,0,0,0,1116191.601,963577.9246,140193.2177,12420.4581,0,1156795,1091072,46246,19477,0,2134080.0231,764165.8876,335520.034,12969.2752
